codigo_cnae,atividade,numero_empresas,pessoal_ocup_total,pessoal_ocup_part_rel,pessoal_ocup_part_acc,pessoal_ocup_assalariado,salario_medio_mensal_sal_min
84.11-6,Administração pública em geral,14624.0,6293096.0,11.8246191278382,11.8246191278382,6292958,3.649192
86.10-1,Atividades de atendimento hospitalar,17549.0,1900604.0,3.57120222110799,15.39582134894619,1863563,3.290602
56.11-2,Restaurantes e outros estabelecimentos de serviços de alimentação e bebidas,229043.0,1591834.0,2.99102870268357,18.38685005162976,1287768,1.490394
47.11-3,Comércio varejista de mercadorias em geral, com predominância de produtos alimentícios - hipermercados e supermercados,22599.0,1443699.0,2.71268558595656,21.09953563758632,1412449,1.669836
49.30-2,Transporte rodoviário de carga,139885.0,1093527.0,2.05471842174464,23.15425405933096,908180,2.321823
85.20-1,Ensino médio,2964.0,1002223.0,1.88315977638977,25.03741383572073,996662,3.415304
47.81-4,Comércio varejista de artigos do vestuário e acessórios,160808.0,857706.0,1.61161481942459,26.649028655145322,648842,1.718638
41.20-4,Construção de edifícios,88268.0,766451.0,1.4401482442268,28.089176899372124,626069,1.895447
47.44-0,Comércio varejista de ferragens, madeira e materiais de construção,135771.0,756230.0,1.42094316105222,29.510120060424345,571104,1.710432
81.21-4,Limpeza em prédios e em domicílios,9745.0,735577.0,1.38213652933275,30.892256589757096,723437,1.330884
81.12-5,Condomínios prediais,194391.0,721340.0,1.35538545124289,32.247642040999985,573528,2.089122
47.71-7,Comércio varejista de produtos farmacêuticos para uso humano e veterinário,73453.0,593667.0,1.11549008052099,33.36313212152098,485831,1.788024
86.30-5,Atividades de atenção ambulatorial executadas por médicos e odontólogos,162773.0,581725.0,1.09305126795168,34.456183389472656,309648,1.984771
85.32-5,Educação superior - graduação e pós-graduação,1692.0,579714.0,1.08927263354565,35.5454560230183,577084,6.434175
45.30-7,Comércio de peças e acessórios para veículos automotores,109539.0,570953.0,1.07281086525561,36.618266888273915,419915,1.913973
80.11-1,Atividades de vigilância e segurança privada,5349.0,529656.0,0.995214512661854,37.61348140093577,523160,2.030419
85.13-9,Ensino fundamental,12615.0,518252.0,0.973786592837675,38.587267993773445,497577,2.991687
47.12-1,Comércio varejista de mercadorias em geral, com predominância de produtos alimentícios - minimercados, mercearias e armazéns,137497.0,515153.0,0.967963625147817,39.55523161892126,352805,1.335475
84.24-8,Segurança e ordem pública,130.0,507093.0,0.952819023798914,40.50805064272018,507083,7.134993
47.89-0,Comércio varejista de outros produtos novos não especificados anteriormente,120286.0,489531.0,0.919820327906925,41.427870970627104,325829,1.679655
14.12-6,Confecção de peças do vestuário, exceto roupas íntimas,41059.0,477241.0,0.896727629324044,42.32459859995115,421036,1.585337
49.21-3,Transporte rodoviário coletivo de passageiros, com itinerário fixo, municipal e em região metropolitana,8913.0,441916.0,0.830352561997742,43.154951161948894,430170,2.223855
64.22-1,Bancos múltiplos, com carteira comercial,119.0,441028.0,0.828684025273446,43.98363518722234,440833,6.634267
82.20-2,Atividades de teleatendimento,2544.0,433698.0,0.814911081366813,44.798546268589156,430538,1.393721
78.20-5,Locação de mão-de-obra temporária,3102.0,432072.0,0.811855855337866,45.610402123927024,428087,1.673659
47.31-8,Comércio varejista de combustíveis para veículos automotores,39742.0,420260.0,0.789661310532253,46.40006343445928,355683,1.740206
69.20-6,Atividades de contabilidade, consultoria e auditoria contábil e tributária,70675.0,396336.0,0.744708526081737,47.144771960541014,293537,2.242124
10.12-1,Abate de suínos, aves e outros pequenos animais,935.0,383130.0,0.719894679256227,47.86466663979724,381710,2.173619
85.99-6,Atividades de ensino não especificadas anteriormente,58615.0,369803.0,0.694853475512204,48.55952011530945,283113,2.547203
47.21-1,Comércio varejista de produtos de padaria, laticínio, doces, balas e semelhantes,53848.0,367755.0,0.691005318742656,49.2505254340521,295882,1.402908
55.10-8,Hotéis e similares,30977.0,367295.0,0.690140986655746,49.94066642070785,322163,1.742684
84.23-0,Justiça,141.0,361132.0,0.678560815673948,50.619227236381796,361123,11.944515
84.22-1,Defesa,283.0,350293.0,0.65819452113043,51.27742175751223,350292,5.174858
82.11-3,Serviços combinados de escritório e apoio administrativo,76242.0,336755.0,0.632756852016106,51.91017860952834,241162,1.8993
86.40-2,Atividades de serviços de complementação diagnóstica e terapêutica,27351.0,328625.0,0.617480721871369,52.527659331399704,268588,2.067951
56.20-1,Serviços de catering, bufê e outros serviços de comida preparada,23622.0,317944.0,0.597411306609876,53.12507063800958,287531,1.529996
82.99-7,Atividades de serviços prestados principalmente às empresas não especificadas anteriormente,47768.0,309744.0,0.582003647669305,53.707074285678885,237769,2.286606
45.20-0,Manutenção e reparação de veículos automotores,73229.0,296610.0,0.557325087605224,54.26439937328411,199789,1.713189
47.54-7,Comércio varejista especializado de móveis, colchoaria e artigos de iluminação,48070.0,272050.0,0.511177270095416,54.77557664337952,205927,1.732234
45.11-1,Comércio a varejo e por atacado de veículos automotores,29247.0,266592.0,0.500921781985948,55.276498425365475,228164,2.868457
71.12-0,Serviços de engenharia,51905.0,253048.0,0.475472838974838,55.75197126434031,176104,3.201707
81.11-7,Serviços combinados para apoio a edifícios, exceto condomínios prediais,9829.0,250922.0,0.471478121547076,56.22344938588739,238979,1.394863
85.31-7,Educação superior - graduação,1363.0,244587.0,0.459574765524085,56.68302415141148,242378,4.794973
47.82-2,Comércio varejista de calçados e artigos de viagem,31772.0,231815.0,0.435576397232747,57.118600548644224,188991,1.651537
85.12-1,Educação infantil - pré-escola,14770.0,223524.0,0.419997750857591,57.538598299501814,201188,1.763886
42.21-9,Obras para geração e distribuição de energia elétrica e para telecomunicações,3638.0,210716.0,0.395931739185538,57.93453003868735,205713,2.784294
19.31-4,Fabricação de álcool,323.0,209276.0,0.39322600395695,58.327756042644296,208832,2.8983
47.13-0,Comércio varejista de mercadorias em geral, sem predominância de produtos alimentícios,12905.0,200067.0,0.375922451373569,58.703678494017865,183348,2.041497
88.00-6,Serviços de assistência social sem alojamento,6599.0,197998.0,0.372034835965272,59.07571332998314,194220,2.306875
31.01-2,Fabricação de móveis com predominância de madeira,19856.0,197309.0,0.370740216817704,59.44645354680084,169340,1.929107
65.50-2,Planos de saúde,1262.0,197230.0,0.370591777176691,59.81704532397753,192319,3.001346
38.11-4,Coleta de resíduos não-perigosos,4393.0,194882.0,0.366179925567854,60.18322524954539,188874,2.207653
47.53-9,Comércio varejista especializado de eletrodomésticos e equipamentos de áudio e vídeo,17679.0,191143.0,0.359154408887513,60.5423796584329,167502,2.077835
47.29-6,Comércio varejista de produtos alimentícios em geral ou especializado em produtos alimentícios não especificados anteriormente; produtos do fumo,42492.0,189958.0,0.356927814272321,60.89930747270522,134323,1.524411
10.91-1,Fabricação de produtos de panificação,18028.0,187895.0,0.353051472760809,61.25235894546603,163509,1.684742
68.10-2,Atividades imobiliárias de imóveis próprios,78960.0,186802.0,0.350997744562999,61.603356690029024,51221,2.99183
69.11-7,Atividades jurídicas, exceto cartórios,59675.0,186676.0,0.350760992730497,61.954117682759524,91075,3.059621
70.20-4,Atividades de consultoria em gestão empresarial,56379.0,182354.0,0.342640029079138,62.29675771183866,99880,4.9019
43.21-5,Instalações elétricas,21295.0,181466.0,0.340971492354842,62.6377292041935,152914,2.204004
10.11-2,Abate de reses, exceto suínos,1555.0,174880.0,0.328596511649646,62.96632571584314,172619,2.055958
94.91-0,Atividades de organizações religiosas,52140.0,174430.0,0.327750969390713,63.294076685233854,143996,1.896405
43.99-1,Serviços especializados para construção não especificados anteriormente,23633.0,171830.0,0.322865614116873,63.616942299350725,140494,2.054597
85.11-2,Educação infantil - creche,9478.0,170419.0,0.320214369389416,63.937156668740144,158748,1.818592
41.10-7,Incorporação de empreendimentos imobiliários,58993.0,159528.0,0.299750367740421,64.23690703648056,61816,2.091589
47.55-5,Comércio varejista especializado de tecidos e artigos de cama, mesa e banho,33395.0,159033.0,0.298820271255594,64.53572730773615,116042,1.453021
36.00-6,Captação, tratamento e distribuição de água,2203.0,156304.0,0.29369252720086,64.82941983493701,154692,5.207224
78.30-2,Fornecimento e gestão de recursos humanos para terceiros,961.0,153425.0,0.288282935726481,65.1177027706635,152213,1.82216
74.90-1,Atividades profissionais, científicas e técnicas não especificadas anteriormente,34728.0,150441.0,0.282676051058351,65.40037882172184,101600,3.828864
93.13-1,Atividades de condicionamento físico,30342.0,148495.0,0.279019550534162,65.679398372256,106662,1.481451
47.72-5,Comércio varejista de cosméticos, produtos de perfumaria e de higiene pessoal,26833.0,148119.0,0.278313053002253,65.95771142525825,111804,1.815299
94.30-8,Atividades de associações de defesa de direitos sociais,45087.0,144934.0,0.272328492791799,66.23003991805005,113118,2.120582
82.19-9,Fotocópias, preparação de documentos e outros serviços especializados de apoio administrativo,38933.0,140839.0,0.264634058235502,66.49467397628555,89665,1.820635
10.71-6,Fabricação de açúcar em bruto,224.0,140022.0,0.263098929289838,66.7577729055754,139593,2.226939
47.61-0,Comércio varejista de livros, jornais, revistas e papelaria,31214.0,139977.0,0.263014375063944,67.02078728063934,97620,1.592476
42.11-1,Construção de rodovias e ferrovias,2753.0,137091.0,0.257591630709982,67.27837891134932,132802,2.691659
62.09-1,Suporte técnico, manutenção e outros serviços em tecnologia da informação,31562.0,136575.0,0.256622075586405,67.53500098693573,92611,4.556011
82.91-1,Atividades de cobrança e informações cadastrais,17602.0,136423.0,0.256336470201165,67.79133745713689,112263,2.047175
22.29-3,Fabricação de artefatos de material plástico não especificados anteriormente,7768.0,136093.0,0.255716405877947,68.04705386301484,124628,2.386643
33.14-7,Manutenção e reparação de máquinas e equipamentos da indústria mecânica,18479.0,132852.0,0.249626622630826,68.29668048564567,108387,2.925896
23.30-3,Fabricação de artefatos de concreto, cimento, fibrocimento, gesso e materiais semelhantes,12143.0,130624.0,0.245440248957705,68.54212073460337,112796,2.308194
43.30-4,Obras de acabamento,24730.0,128085.0,0.240669511634521,68.7827902462379,96138,1.704602
62.01-5,Desenvolvimento de programas de computador sob encomenda,18624.0,126806.0,0.238266292636351,69.02105653887425,98269,5.216074
46.39-7,Comércio atacadista de produtos alimentícios em geral,10282.0,125159.0,0.235171607968653,69.2562281468429,111326,1.915785
86.50-0,Atividades de profissionais da área de saúde, exceto médicos e odontólogos,45545.0,124380.0,0.233707880369299,69.4899360272122,53038,1.73324
96.02-5,Cabeleireiros e outras atividades de tratamento de beleza,33874.0,123049.0,0.231206954265653,69.72114298147785,78049,1.53857
29.49-2,Fabricação de peças e acessórios para veículos automotores não especificados anteriormente,1702.0,120375.0,0.226182554264788,69.94732553574264,117966,3.760268
15.31-9,Fabricação de calçados de couro,4943.0,119756.0,0.225019463913055,70.17234499965569,113262,1.545781
22.22-6,Fabricação de embalagens de material plástico,4225.0,117805.0,0.221353568474878,70.39369856813057,112073,2.542882
73.19-0,Atividades de publicidade não especificadas anteriormente,33750.0,116859.0,0.219576050748319,70.61327461887889,75120,1.893449
66.22-3,Corretores e agentes de seguros, de planos de previdência complementar e de saúde,34504.0,116831.0,0.219523439229985,70.83279805810888,61262,3.173913
64.62-0,Holdings de instituições não-financeiras,47625.0,114377.0,0.2149124154446,71.04771047355348,40127,5.442872
62.04-0,Consultoria em tecnologia da informação,14693.0,114255.0,0.214683179543289,71.26239365309677,92424,6.169794
49.22-1,Transporte rodoviário coletivo de passageiros, com itinerário fixo, intermunicipal, interestadual e internacional,2395.0,113656.0,0.213557668847508,71.47595132194428,110209,2.164189
47.63-6,Comércio varejista de artigos recreativos e esportivos,25091.0,112431.0,0.211255914920411,71.6872072368647,79793,1.791243
53.10-5,Atividades de correio,989.0,112349.0,0.211101838331005,71.8983090751957,110643,3.397552
47.22-9,Comércio varejista de carnes e pescados - açougues e peixarias,26249.0,110876.0,0.208334096670095,72.1066431718658,78766,1.51846
47.74-1,Comércio varejista de artigos de óptica,23485.0,109999.0,0.206686228756573,72.31332940062237,76425,1.689733
23.42-7,Fabricação de produtos cerâmicos não-refratários para uso estrutural na construção,5647.0,109238.0,0.205256322847576,72.51858572346994,100591,1.979676
78.10-8,Seleção e agenciamento de mão-de-obra,2422.0,104389.0,0.196145135261865,72.7147308587318,101112,1.721164
62.02-3,Desenvolvimento e licenciamento de programas de computador customizáveis,8049.0,104249.0,0.195882077670197,72.91061293640199,91485,6.387504
47.51-2,Comércio varejista especializado de equipamentos e suprimentos de informática,26677.0,102781.0,0.193123730923275,73.10373666732526,65571,1.875654
10.52-0,Fabricação de laticínios,2667.0,102303.0,0.192225577146007,73.29596224447127,98182,3.198234
68.21-8,Intermediação na compra, venda e aluguel de imóveis,34487.0,101995.0,0.191646850444337,73.48760909491561,51537,2.103681
49.29-9,Transporte rodoviário coletivo de passageiros, sob regime de fretamento, e outros transportes rodoviários não especificados anteriormente,16031.0,100208.0,0.188289108184971,73.67589820310059,78338,2.132771
15.33-5,Fabricação de calçados de material sintético,762.0,99275.0,0.186536017234782,73.86243422033537,98214,1.70073
47.59-8,Comércio varejista de artigos de uso doméstico não especificados anteriormente,21191.0,99228.0,0.186447705043293,74.04888192537867,71419,1.615626
21.21-1,Fabricação de medicamentos para uso humano,339.0,98536.0,0.185147448947333,74.234029374326,98074,6.851458
94.20-1,Atividades de organizações sindicais,15253.0,96935.0,0.182139197488326,74.41616857181432,88600,1.955084
63.11-9,Tratamento de dados, provedores de serviços de aplicação e serviços de hospedagem na internet,12934.0,95603.0,0.179636392401882,74.5958049642162,76926,5.529465
93.12-3,Clubes sociais, esportivos e similares,10335.0,95544.0,0.179525532416822,74.77533049663302,88960,3.689276
46.49-4,Comércio atacadista de equipamentos e artigos de uso pessoal e doméstico não especificados anteriormente,13438.0,94200.0,0.177000179536806,74.95233067616982,76065,2.489351
85.50-3,Atividades de apoio à educação,68083.0,94004.0,0.176631898908471,75.12896257507829,67735,2.25375
47.24-5,Comércio varejista de hortifrutigranjeiros,14782.0,92499.0,0.173804029798037,75.30276660487633,74062,1.503599
45.41-2,Comércio por atacado e a varejo de motocicletas, peças e acessórios,16416.0,92494.0,0.173794634884048,75.47656123976037,71442,1.853672
46.33-8,Comércio atacadista de hortifrutigranjeiros,9965.0,92488.0,0.173783360987263,75.65034460074763,78300,1.806212
52.50-8,Atividades relacionadas à organização do transporte de carga,4884.0,91539.0,0.172000206312311,75.82234480705993,84089,2.969067
81.29-0,Atividades de limpeza não especificadas anteriormente,3005.0,91003.0,0.170993071532781,75.99333787859271,87220,1.494734
61.90-6,Outras atividades de telecomunicações,7735.0,90839.0,0.17068491835397,76.16402279694668,80034,2.520929
64.24-7,Crédito cooperativo,1023.0,89895.0,0.168911158593006,76.33293395553969,81639,3.501434
64.23-9,Caixas econômicas,1.0,89565.0,,,,
29.10-7,Fabricação de automóveis, camionetas e utilitários,45.0,88044.0,0.165433161434592,76.66665821124407,87968,7.087171
52.23-1,Estacionamento de veículos,12168.0,87803.0,0.164980326580363,76.83163853782443,69240,1.671032
47.52-1,Comércio varejista especializado de equipamentos de telefonia e comunicação,17079.0,87536.0,0.164478638173396,76.99611717599782,63964,1.69508
47.23-7,Comércio varejista de bebidas,28674.0,87135.0,0.163725166071546,77.15984234206937,51904,1.508109
79.11-2,Agências de viagens,17201.0,86607.0,0.162733063154397,77.32257540522376,60735,2.918898
80.20-0,Atividades de monitoramento de sistemas de segurança,5650.0,86546.0,0.162618445203741,77.4851938504275,79157,1.961116
68.22-6,Gestão e administração da propriedade imobiliária,17961.0,86287.0,0.162131788659155,77.64732563908666,58892,2.225967
14.11-8,Confecção de roupas íntimas,5411.0,86155.0,0.161883762929868,77.80920940201652,78573,1.458204
46.23-1,Comércio atacadista de animais vivos, alimentos para animais e matérias-primas agrícolas, exceto café e soja,7845.0,84235.0,0.158276115958417,77.96748551797494,73187,2.429128
47.84-9,Comércio varejista de gás liquefeito de petróleo (glp),25626.0,82149.0,0.154356557842559,78.1218420758175,48819,1.87023
84.13-2,Regulação das atividades econômicas,333.0,81945.0,0.153973245351843,78.27581532116935,81940,7.851418
43.22-3,Instalações hidráulicas, de sistemas de ventilação e refrigeração,12564.0,81141.0,0.152462543182548,78.4282778643519,64374,2.080558
85.93-7,Ensino de idiomas,9345.0,81077.0,0.152342288283499,78.58062015263539,66856,1.724443
82.30-0,Atividades de organização de eventos, exceto culturais e esportivos,22440.0,80635.0,0.151511777886947,78.73213193052234,50715,1.924708
87.11-5,Atividades de assistência a idosos, deficientes físicos, imunodeprimidos e convalescentes prestadas em residências coletivas e particulares,6123.0,80081.0,0.150470821417059,78.8826027519394,73533,1.671662
46.44-3,Comércio atacadista de produtos farmacêuticos para uso humano e veterinário,3485.0,79196.0,0.148807921641156,79.03141067358055,74367,4.14535
42.92-8,Montagem de instalações industriais e de estruturas metálicas,5192.0,78732.0,0.147936073623056,79.17934674720361,72155,2.956322
46.91-5,Comércio atacadista de mercadorias em geral, com predominância de produtos alimentícios,3145.0,78411.0,0.147332920145016,79.32667966734863,74264,2.004682
61.20-5,Telecomunicações sem fio,398.0,78187.0,0.146912027998347,79.47359169534697,77654,4.45859
52.11-7,Armazenamento,3476.0,77887.0,0.146348333159058,79.61994002850602,72619,2.747294
35.14-0,Distribuição de energia elétrica,140.0,77615.0,0.145837249838102,79.76577727834412,77285,5.289506
46.35-4,Comércio atacadista de bebidas,5156.0,74952.0,0.140833518648012,79.90661079699213,67942,2.417754
61.10-8,Telecomunicações por fio,7207.0,74514.0,0.14001052418265,80.04662132117478,64813,2.943988
16.10-2,Desdobramento de madeira,7111.0,74326.0,0.139657275416695,80.18627859659148,64164,1.729737
07.10-3,Extração de minério de ferro,226.0,74101.0,0.139234504287228,80.32551310087871,73678,4.254023
43.13-4,Obras de terraplenagem,10095.0,73456.0,0.138022560382756,80.46353566126146,59948,2.240149
01.51-2,Criação de bovinos,27793.0,73445.0,0.138001891571982,80.60153755283345,38656,1.990351
11.22-4,Fabricação de refrigerantes e de outras bebidas não-alcoólicas,514.0,72671.0,0.136547558886616,80.73808511172007,71940,2.861532
47.42-3,Comércio varejista de material elétrico,15173.0,72220.0,0.135700137644885,80.87378524936496,51142,1.898764
77.11-0,Locação de automóveis sem condutor,9418.0,72132.0,0.135534787158693,81.00932003652365,59313,2.504759
77.39-0,Aluguel de máquinas e equipamentos não especificados anteriormente,9744.0,71476.0,0.134302174443448,81.1436222109671,57791,2.580942
10.99-6,Fabricação de produtos alimentícios não especificados anteriormente,5095.0,71393.0,0.134146218871244,81.27776842983833,63891,2.460762
08.10-0,Extração de pedra, areia e argila,7972.0,71151.0,0.133691505034218,81.41145993487255,58202,2.351847
46.46-0,Comércio atacadista de cosméticos, produtos de perfumaria e de higiene pessoal,5115.0,70988.0,0.133385230838204,81.54484516571075,64262,4.739085
11.13-5,Fabricação de malte, cervejas e chopes,1434.0,70499.0,0.132466408250163,81.67731157396092,68152,4.174353
95.11-8,Reparação e manutenção de computadores e de equipamentos periféricos,15945.0,69627.0,0.130827935250629,81.80813950921156,47670,2.469305
25.99-3,Fabricação de produtos de metal não especificados anteriormente,5640.0,69593.0,0.130764049835509,81.93890355904706,61282,2.655113
42.99-5,Obras de engenharia civil não especificadas anteriormente,4668.0,68798.0,0.129270258511393,82.06817381755846,61647,2.369461
32.50-7,Fabricação de instrumentos e materiais para uso médico e odontológico e de artigos ópticos,5562.0,68406.0,0.128533697254722,82.19670751481318,60658,2.818888
46.19-2,Representantes comerciais e agentes do comércio de mercadorias em geral não especializado,38654.0,66144.0,0.124283438166481,82.32099095297967,12054,2.068084
18.13-0,Impressão de materiais para outros usos,10860.0,65599.0,0.123259392541772,82.44425034552144,50570,2.026711
25.39-0,Serviços de usinagem, solda, tratamento e revestimento em metais,8780.0,64584.0,0.121352225002177,82.56560257052362,52119,2.344017
10.92-9,Fabricação de biscoitos e bolachas,1996.0,63994.0,0.120243625151575,82.6858461956752,61245,2.31841
25.11-0,Fabricação de estruturas metálicas,4292.0,63631.0,0.119561554396035,82.80540775007123,57573,2.468522
62.03-1,Desenvolvimento e licenciamento de programas de computador não-customizáveis,5926.0,63390.0,0.119108719541806,82.92451646961302,53542,6.023538
01.13-0,Cultivo de cana-de-açúcar,8132.0,63130.0,0.118620184014422,83.04313665362744,52953,2.371983
77.32-2,Aluguel de máquinas e equipamentos para construção sem operador,8983.0,63066.0,0.118499929115374,83.16163658274282,50494,2.198896
01.61-0,Atividades de apoio à agricultura,9515.0,62567.0,0.117562316699356,83.27919889944216,49522,2.002566
25.12-8,Fabricação de esquadrias de metal,9894.0,62416.0,0.117278590296914,83.39647748973908,48852,1.909157
28.33-0,Fabricação de máquinas e equipamentos para a agricultura e pecuária, exceto para irrigação,2091.0,62122.0,0.116726169354411,83.51320365909349,58938,4.164951
94.99-5,Atividades associativas não especificadas anteriormente,20183.0,61753.0,0.116032824702085,83.62923648379558,49322,2.91824
86.60-7,Atividades de apoio à gestão de saúde,2118.0,60653.0,0.113965943624691,83.74320242742027,57495,3.142029
84.30-2,Seguridade social obrigatória,1611.0,60497.0,0.113672822308261,83.85687524972853,60497,5.878032
53.20-2,Atividades de malote e de entrega,7141.0,60387.0,0.113466134200521,83.97034138392905,51388,1.60791
46.45-1,Comércio atacadista de instrumentos e materiais para uso médico, cirúrgico, ortopédico e odontológico,6442.0,59391.0,0.111594667334081,84.08193605126313,50147,4.678311
27.10-4,Fabricação de geradores, transformadores e motores elétricos,756.0,59197.0,0.111230144671341,84.19316619593447,58083,4.768821
96.01-7,Lavanderias, tinturarias e toalheiros,6242.0,58932.0,0.110732214229969,84.30389841016444,49833,1.535147
85.41-4,Educação profissional de nível técnico,2961.0,56834.0,0.10679010832054,84.41068851848497,52133,4.847227
10.33-3,Fabricação de sucos de frutas, hortaliças e legumes,926.0,56811.0,0.106746891716194,84.51743541020117,55298,2.077639
46.79-6,Comércio atacadista especializado de materiais de construção não especificados anteriormente e de materiais de construção em geral,7136.0,56353.0,0.105886317594879,84.62332172779605,46311,1.988735
20.63-1,Fabricação de cosméticos, produtos de perfumaria e de higiene pessoal,1989.0,56303.0,0.105792368454998,84.72911409625105,53433,3.35691
23.91-5,Aparelhamento e outros trabalhos em pedras,7147.0,56233.0,0.105660839659164,84.83477493591022,45745,1.97353
46.93-1,Comércio atacadista de mercadorias em geral, sem predominância de alimentos ou de insumos agropecuários,3570.0,56230.0,0.105655202710771,84.94043013862098,51046,2.942761
85.42-2,Educação profissional de nível tecnológico,171.0,56082.0,0.105377113256722,85.0458072518777,55861,7.716357
96.03-3,Atividades funerárias e serviços relacionados,6083.0,55881.0,0.104999437714398,85.1508066895921,46380,1.776005
42.13-8,Obras de urbanização - ruas, praças e calçadas,3412.0,55880.0,0.1049975587316,85.2558042483237,50855,2.461596
29.30-1,Fabricação de cabines, carrocerias e reboques para veículos automotores,1944.0,55422.0,0.104136984610285,85.35994123293398,52772,2.854772
46.87-7,Comércio atacadista de resíduos e sucatas,7763.0,55420.0,0.10413322664469,85.46407445957867,45276,1.775463
52.12-5,Carga e descarga,3039.0,55056.0,0.103449276906353,85.56752373648501,51023,1.696622
51.11-1,Transporte aéreo de passageiros regular,102.0,54516.0,0.102434626195632,85.66995836268065,54419,6.789838
94.12-0,Atividades de organizações associativas profissionais,5941.0,53844.0,0.101171949755624,85.77113031243627,49736,3.945276
43.29-1,Obras de instalações em construções não especificadas anteriormente,6004.0,53835.0,0.101155038910446,85.87228535134672,45255,2.550131
47.83-1,Comércio varejista de jóias e relógios,11104.0,52954.0,0.0994996550657329,85.97178500641245,37567,2.095622
71.19-7,Atividades técnicas relacionadas à arquitetura e à engenharia,15653.0,52715.0,0.0990505781770992,86.07083558458955,30158,2.961916
42.22-7,Construção de redes de abastecimento de água, coleta de esgoto e construções correlatas,1526.0,52576.0,0.0987893995682285,86.16962498415778,50364,2.384357
10.66-0,Fabricação de alimentos para animais,1994.0,52037.0,0.0977766278403056,86.26740161199808,48810,3.309092
60.21-7,Atividades de televisão aberta,960.0,51760.0,0.0972561496053619,86.36465776160344,50707,7.300123
10.41-4,Fabricação de óleos vegetais em bruto, exceto óleo de milho,277.0,50448.0,0.0947909241748705,86.45944868577831,49994,4.201121
46.37-1,Comércio atacadista especializado em produtos alimentícios não especificados anteriormente,7190.0,50256.0,0.0944301594777255,86.55387884525604,40935,2.595986
84.25-6,Defesa civil,180.0,49808.0,0.0935883751843869,86.64746722044042,49784,7.452552
10.13-9,Fabricação de produtos de carne,2128.0,49235.0,0.0925117180413446,86.73997893848177,46318,2.052834
84.12-4,Regulação das atividades de saúde, educação, serviços culturais e outros serviços sociais,1637.0,48839.0,0.0917676408534828,86.83174657933525,48779,3.711369
52.29-0,Atividades auxiliares dos transportes terrestres não especificadas anteriormente,6574.0,48817.0,0.091726303231935,86.92347288256718,39373,3.795886
80.12-9,Atividades de transporte de valores,30.0,48590.0,0.0912997741368728,87.01477265670405,48548,3.18956
02.10-1,Produção florestal - florestas plantadas,5760.0,48438.0,0.091014168751633,87.10578682545568,39939,1.686227
47.41-5,Comércio varejista de tintas e materiais para pintura,8105.0,48000.0,0.0901911742862707,87.19597799974196,36095,1.825623
47.43-1,Comércio varejista de vidros,11319.0,47998.0,0.0901874163206755,87.28616541606263,33396,1.584659
13.21-9,Tecelagem de fios de algodão,502.0,47760.0,0.0897402184148394,87.37590563447748,46944,2.167036
46.61-3,Comércio atacadista de máquinas, aparelhos e equipamentos para uso agropecuário; partes e peças,3672.0,47580.0,0.0894020015112659,87.46530763598874,42166,3.267021
29.41-7,Fabricação de peças e acessórios para o sistema motor de veículos automotores,356.0,47058.0,0.0884211724909027,87.55372880847963,46557,4.168685
46.63-0,Comércio atacadista de máquinas e equipamentos para uso industrial; partes e peças,6892.0,47052.0,0.0884098985941169,87.64213870707376,37126,4.305722
32.99-0,Fabricação de produtos diversos não especificados anteriormente,5525.0,46953.0,0.0882238792971514,87.7303625863709,39173,2.358213
19.21-7,Fabricação de produtos do refino de petróleo,49.0,46700.0,0.0877484966493509,87.81811108302026,46642,19.78816
73.11-4,Agências de publicidade,10759.0,46158.0,0.0867300879730351,87.9048411709933,30156,4.483653
29.45-0,Fabricação de material elétrico e eletrônico para veículos automotores, exceto baterias,349.0,45419.0,0.0853415196855861,87.99018269067888,44948,3.428409
52.40-1,Atividades auxiliares dos transportes aéreos,1313.0,45073.0,0.0846913916376058,88.07487408231648,43395,3.763139
86.90-9,Atividades de atenção à saúde humana não especificadas anteriormente,5603.0,44334.0,0.0833028233501568,88.15817690566664,33455,3.612616
94.11-1,Atividades de organizações associativas patronais e empresariais,8077.0,43339.0,0.0814332354665143,88.23961014113316,38613,4.10708
16.21-8,Fabricação de madeira laminada e de chapas de madeira compensada, prensada e aglomerada,934.0,43226.0,0.0812209104103821,88.32083105154354,41911,2.336028
63.19-4,Portais, provedores de conteúdo e outros serviços de informação na internet,8744.0,42767.0,0.0803584573062696,88.40118950884981,30175,5.483751
71.20-1,Testes e análises técnicas,3010.0,42119.0,0.0791408764534049,88.48033038530322,37625,3.090683
35.11-5,Geração de energia elétrica,3987.0,42032.0,0.0789774049500111,88.55930779025323,37238,10.755659
72.10-0,Pesquisa e desenvolvimento experimental em ciências físicas e naturais,1667.0,41620.0,0.0782032640373873,88.63751105429061,39238,10.052829
01.15-6,Cultivo de soja,4490.0,41521.0,0.0780172447404218,88.71552829903104,34480,2.91039
10.93-7,Fabricação de produtos derivados do cacau, de chocolates e confeitos,926.0,41514.0,0.0780040918608384,88.79353239089187,40130,3.582209
25.42-0,Fabricação de artigos de serralheria, exceto esquadrias,5643.0,41123.0,0.0772694095869648,88.87080180047883,33696,2.219483
28.29-1,Fabricação de máquinas e equipamentos de uso geral não especificados anteriormente,3126.0,40055.0,0.0752626559590953,88.94606445643792,35286,3.570351
46.42-7,Comércio atacadista de artigos do vestuário e acessórios,7074.0,39985.0,0.0751311271632611,89.02119558360118,30555,2.275709
46.83-4,Comércio atacadista de defensivos agrícolas, adubos, fertilizantes e corretivos do solo,3912.0,39340.0,0.0739191832587894,89.09511476685998,33070,3.367039
22.21-8,Fabricação de laminados planos e tubulares de material plástico,680.0,39235.0,0.0737218900650382,89.16883665692502,38247,3.596933
01.55-5,Criação de aves,1919.0,38826.0,0.0729533861008072,89.24179004302583,36048,1.756949
47.57-1,Comércio varejista especializado de peças e acessórios para aparelhos eletroeletrônicos para uso doméstico, exceto informática e comunicação,9434.0,38430.0,0.0722093089129455,89.31399935193878,26085,1.723573
46.34-6,Comércio atacadista de carnes, produtos da carne e pescado,3937.0,38350.0,0.0720589902891351,89.38605834222791,33111,1.909518
95.21-5,Reparação e manutenção de equipamentos eletroeletrônicos de uso pessoal e doméstico,9285.0,37557.0,0.070568956930614,89.45662729915853,24815,1.763603
46.18-4,Representantes comerciais e agentes do comércio especializado em produtos não especificados anteriormente,22712.0,37390.0,0.0702551668034096,89.52688246596193,6324,2.500316
25.92-6,Fabricação de produtos de trefilados de metal,2156.0,36878.0,0.0692931276110228,89.59617559357295,33562,3.109577
60.10-1,Atividades de rádio,4673.0,36790.0,0.0691277771248313,89.66530337069779,29936,2.379692
65.12-0,Seguros não-vida,391.0,36510.0,0.0686016619414947,89.73390503263929,36103,5.739612
46.89-3,Comércio atacadista especializado de outros produtos intermediários não especificados anteriormente,6302.0,36473.0,0.0685321395779823,89.80243717221727,27465,2.631949
27.51-1,Fabricação de fogões, refrigeradores e máquinas de lavar e secar para uso doméstico,115.0,36472.0,0.0685302605951847,89.87096743281245,36323,2.911998
46.69-9,Comércio atacadista de máquinas, aparelhos e equipamentos não especificados anteriormente; partes e peças,4313.0,36195.0,0.068009782360241,89.93897721517268,30116,3.818048
49.12-4,Transporte metroferroviário de passageiros,32.0,36049.0,0.067735450871787,90.00671266604448,36022,6.658765
10.31-7,Fabricação de conservas de frutas,1710.0,35864.0,0.0673878390542253,90.0741005050987,33328,1.734824
13.40-5,Acabamentos em fios, tecidos e artefatos têxteis,2674.0,35527.0,0.0667546218514238,90.14085512695013,31853,1.994719
46.72-9,Comércio atacadista de ferragens e ferramentas,3238.0,35400.0,0.0665159910361247,90.20737111798626,30777,2.465827
22.11-1,Fabricação de pneumáticos e de câmaras-de-ar,68.0,35125.0,0.0659992707667762,90.27337038875304,35042,4.57283
22.19-6,Fabricação de artefatos de borracha não especificados anteriormente,1476.0,34937.0,0.0656460220008217,90.33901641075386,32662,2.816084
17.33-8,Fabricação de chapas e de embalagens de papelão ondulado,993.0,34913.0,0.0656009264136785,90.40461733716754,33498,2.566391
81.30-3,Atividades paisagísticas,4609.0,34733.0,0.065262709510105,90.46988004667764,28956,1.552694
93.29-8,Atividades de recreação e lazer não especificadas anteriormente,7309.0,34686.0,0.0651743973186164,90.53505444399626,25634,1.656635
66.19-3,Atividades auxiliares dos serviços financeiros não especificadas anteriormente,6573.0,34421.0,0.0646764668772443,90.5997309108735,25984,3.407301
52.31-1,Gestão de portos e terminais,430.0,34126.0,0.0641221669519432,90.66385307782545,33629,5.320643
33.21-0,Instalação de máquinas e equipamentos industriais,4979.0,33964.0,0.0638177717387271,90.72767084956418,27429,2.339037
46.81-8,Comércio atacadista de combustíveis sólidos, líquidos e gasosos, exceto gás natural e glp,2410.0,33949.0,0.0637895869967626,90.79146043656094,30521,6.208707
01.33-4,Cultivo de frutas de lavoura permanente, exceto laranja e uva,3184.0,33908.0,0.0637125487020598,90.855172985263,29817,1.480936
46.32-0,Comércio atacadista de cereais e leguminosas beneficiados, farinhas, amidos e féculas,3915.0,33731.0,0.0633799687468791,90.91855295400987,28453,2.171311
90.01-9,Artes cênicas, espetáculos e atividades complementares,14407.0,33691.0,0.0633048094349739,90.98185776344484,14260,2.369111
10.94-5,Fabricação de massas alimentícias,2438.0,33664.0,0.0632540768994379,91.04511184034428,30191,1.906257
87.30-1,Atividades de assistência social prestadas em residências coletivas e particulares,1898.0,33660.0,0.0632465609682474,91.10835840131253,32515,2.006837
31.02-1,Fabricação de móveis com predominância de metal,1916.0,33626.0,0.0631826755531279,91.17154107686565,30941,2.191132
96.09-2,Atividades de serviços pessoais não especificadas anteriormente,8837.0,33180.0,0.0623446492253846,91.23388572609103,21286,1.56261
46.92-3,Comércio atacadista de mercadorias em geral, com predominância de insumos agropecuários,1627.0,32811.0,0.0616513045730589,91.2955370306641,30486,3.063543
17.42-7,Fabricação de produtos de papel para usos doméstico e higiênico-sanitário,666.0,32707.0,0.0614558903621054,91.3569929210262,31799,3.383385
49.24-8,Transporte escolar,8473.0,32366.0,0.0608151572281133,91.41780807825432,21248,1.393896
14.13-4,Confecção de roupas profissionais,3601.0,32218.0,0.060537067774064,91.47834514602839,27391,1.545937
20.13-4,Fabricação de adubos e fertilizantes,761.0,31986.0,0.0601011437650137,91.5384462897934,30732,4.36103
13.51-1,Fabricação de artefatos têxteis para uso doméstico,2803.0,31431.0,0.0590583083123287,91.59750459810573,27701,1.677952
75.00-1,Atividades veterinárias,9578.0,31401.0,0.0590019388283997,91.65650653693413,17921,1.665585
71.11-1,Serviços de arquitetura,14352.0,31367.0,0.0589380534132803,91.71544459034742,9968,3.225196
46.47-8,Comércio atacadista de artigos de escritório e de papelaria; livros, jornais e outras publicações,3081.0,31256.0,0.0587294863227433,91.77417407667016,27006,2.494298
10.53-8,Fabricação de sorvetes e outros gelados comestíveis,3545.0,31200.0,0.058624263286076,91.83279833995624,26142,1.865223
16.22-6,Fabricação de estruturas de madeira e de artigos de carpintaria para
construção,3286.0,30964.0,0.0581808233458351,91.89097916330208,26090,1.836864
46.17-6,Representantes comerciais e agentes do comércio de produtos alimentícios, bebidas e fumo,16685.0,30436.0,0.0571887204286862,91.94816788373076,8404,2.140303
95.29-1,Reparação e manutenção de objetos e equipamentos pessoais e domésticos não especificados anteriormente,9119.0,30053.0,0.0564690700171936,92.00463695374795,18165,1.567608
52.21-4,Concessionárias de rodovias, pontes, túneis e serviços relacionados,116.0,30038.0,0.0564408852752292,92.06107783902317,29956,2.815172
02.30-6,Atividades de apoio à produção florestal,1870.0,29850.0,0.0560876365092746,92.11716547553245,27406,1.663512
28.22-4,Fabricação de máquinas, equipamentos e aparelhos para transporte e elevação de cargas e pessoas,809.0,29655.0,0.0557212348637366,92.17288671039618,28386,4.388861
28.69-1,Fabricação de máquinas e equipamentos para uso industrial específico não especificados anteriormente,2466.0,29452.0,0.0553398013558176,92.228226511752,25713,3.351941
31.04-7,Fabricação de colchões,582.0,29077.0,0.0546351828067061,92.2828616945587,28223,2.108648
46.41-9,Comércio atacadista de tecidos, artefatos de tecidos e de armarinho,3795.0,29041.0,0.0545675394259914,92.3374292339847,23910,1.843801
64.63-8,Outras sociedades de participação, exceto holdings,15242.0,28949.0,0.0543946730086094,92.39182390699331,5849,6.077479
20.61-4,Fabricação de sabões e detergentes sintéticos,826.0,28801.0,0.0541165835545601,92.44594049054787,27504,3.165853
13.59-6,Fabricação de outros produtos têxteis não especificados anteriormente,1586.0,28418.0,0.0533969331430675,92.49933742369093,26106,1.843854
17.10-9,Fabricação de celulose e outras pastas para a fabricação de papel,45.0,28132.0,0.0528595440629452,92.55219696775387,28101,6.486089
46.86-9,Comércio atacadista de papel e papelão em bruto e de embalagens,4627.0,27633.0,0.0519219316469275,92.6041188994008,21707,1.873637
47.73-3,Comércio varejista de artigos médicos e ortopédicos,6380.0,27095.0,0.0509110389018022,92.6550299383026,17980,2.169814
24.41-5,Metalurgia do alumínio e suas ligas,493.0,26873.0,0.0504939047207282,92.70552384302333,26195,4.297779
25.43-8,Fabricação de ferramentas,2056.0,26827.0,0.0504074715120372,92.75593131453536,23579,3.51047
59.11-1,Atividades de produção cinematográfica, de vídeos e de programas de televisão,12284.0,26826.0,0.0504055925292396,92.8063369070646,9181,3.370484
15.40-8,Fabricação de partes para calçados, de qualquer material,1480.0,26521.0,0.0498325027759622,92.85616940984056,24581,1.622353
15.32-7,Fabricação de tênis de qualquer material,212.0,26009.0,0.0488704635835753,92.90503987342413,25640,1.52963
24.22-9,Produção de laminados planos de aço,59.0,25993.0,0.0488403998588132,92.95388027328295,25890,4.379616
25.32-2,Produção de artefatos estampados de metal; metalurgia do pó,2195.0,25947.0,0.0487539666501222,93.00263423993307,22754,2.365202
13.30-8,Fabricação de tecidos de malha,779.0,25837.0,0.0485472785423829,93.05118151847546,24667,2.470283
20.71-1,Fabricação de tintas, vernizes, esmaltes e lacas,1165.0,25764.0,0.0484101127981558,93.09959163127361,24043,4.15192
15.10-6,Curtimento e outras preparações de couro,576.0,25626.0,0.0481508131720828,93.1477424444457,24760,2.067275
10.61-9,Beneficiamento de arroz e fabricação de produtos do arroz,782.0,25614.0,0.0481282653785112,93.1958707098242,24334,2.519402
81.22-2,Imunização e controle de pragas urbanas,3741.0,25326.0,0.0475871183327936,93.243457828157,20044,1.721024
17.21-4,Fabricação de papel,220.0,24812.0,0.0466213211748114,93.29007914933182,24536,4.221818
27.31-7,Fabricação de aparelhos e equipamentos para distribuição e controle de energia elétrica,1045.0,24745.0,0.0464954293273702,93.33657457865918,23144,3.885231
33.13-9,Manutenção e reparação de máquinas e equipamentos elétricos,3566.0,24679.0,0.0463714164627266,93.38294599512191,19736,2.840821
74.20-0,Atividades fotográficas e similares,7299.0,24532.0,0.0460952059914749,93.42904120111339,14749,1.667662
49.23-0,Transporte rodoviário de táxi,5831.0,24383.0,0.0458152375546279,93.47485643866803,16346,1.855067
10.51-1,Preparação do leite,636.0,24279.0,0.0456198233436743,93.5204762620117,22927,2.43843
20.51-7,Fabricação de defensivos agrícolas,98.0,23882.0,0.044873867173015,93.56535012918471,23741,10.444444
29.20-4,Fabricação de caminhões e ônibus,20.0,23640.0,0.0444191533359883,93.6097692825207,23624,8.548977
24.21-1,Produção de semiacabados de aço,31.0,23375.0,0.0439212228946162,93.65369050541531,23331,6.443103
46.51-6,Comércio atacadista de computadores, periféricos e suprimentos de informática,2640.0,23345.0,0.0438648534106873,93.697555358826,19696,5.785109
01.19-9,Cultivo de plantas de lavoura temporária não especificadas anteriormente,4408.0,23294.0,0.0437690252880081,93.74132438411401,18415,1.50193
10.95-3,Fabricação de especiarias, molhos, temperos e condimentos,1192.0,23272.0,0.0437276876664603,93.78505207178047,21614,2.770947
10.81-3,Torrefação e moagem de café,1717.0,23233.0,0.0436544073373527,93.82870647911783,20649,2.694999
28.40-2,Fabricação de máquinas-ferramenta,1444.0,23170.0,0.0435360314211019,93.87224251053892,21001,4.493512
46.22-2,Comércio atacadista de soja,501.0,22921.0,0.0430681647044919,93.91531067524342,22161,3.694118
85.33-3,Educação superior - pós-graduação e extensão,782.0,22755.0,0.0427562535600852,93.9580669288035,21528,4.500374
26.51-5,Fabricação de aparelhos e equipamentos de medida, teste e controle,1241.0,22716.0,0.0426829732309776,94.00074990203449,20668,4.085661
16.29-3,Fabricação de artefatos de madeira, palha, cortiça, vime e material trançado não especificados anteriormente, exceto móveis,3041.0,22489.0,0.0422564441359155,94.0430063461704,18230,1.69
24.23-7,Produção de laminados longos de aço,57.0,22363.0,0.042019692303414,94.08502603847381,22279,5.511181
23.99-1,Fabricação de produtos de minerais não-metálicos não especificados anteriormente,1215.0,22301.0,0.0419031953699609,94.12692923384377,20497,3.012049
49.11-6,Transporte ferroviário de carga,27.0,22147.0,0.0416138320191258,94.16854306586289,22113,3.808901
10.62-7,Moagem de trigo e fabricação de derivados,327.0,22076.0,0.041480424240494,94.21002349010338,21476,2.96659
13.23-5,Tecelagem de fios de fibras artificiais e sintéticas,389.0,21932.0,0.0412098507176352,94.25123334082102,21321,2.197902
43.91-6,Obras de fundações,1903.0,21840.0,0.0410369843002532,94.29227032512127,18821,2.068105
28.62-3,Fabricação de máquinas e equipamentos para as indústrias de alimentos, bebidas e fumo,980.0,21593.0,0.0405728755492384,94.33284320067051,20168,3.576746
55.90-6,Outros tipos de alojamento não especificados anteriormente,4293.0,21570.0,0.0405296589448929,94.3733728596154,15650,1.397248
09.10-6,Atividades de apoio à extração de petróleo e gás natural,204.0,21494.0,0.040386856252273,94.41375971586767,21322,9.973161
29.44-1,Fabricação de peças e acessórios para o sistema de direção e suspensão de veículos automotores,269.0,21167.0,0.0397724288774478,94.45353214474511,20741,4.169043
87.12-3,Atividades de fornecimento de infraestrutura de apoio e assistência a paciente no domicílio,1738.0,21148.0,0.0397367282042928,94.4932688729494,18546,1.874532
28.23-2,Fabricação de máquinas e aparelhos de refrigeração e ventilação para uso industrial e comercial,1196.0,20911.0,0.0392914092812543,94.53256028223065,19176,2.910189
27.33-3,Fabricação de fios, cabos e condutores elétricos isolados,444.0,20777.0,0.0390396255863718,94.57159990781702,20116,3.315585
11.21-6,Fabricação de águas envasadas,1161.0,20757.0,0.0390020459304192,94.61060195374743,18950,1.754205
24.51-2,Fundição de ferro e aço,797.0,20627.0,0.0387577781667272,94.64935973191416,19359,2.830881
29.42-5,Fabricação de peças e acessórios para os sistemas de marcha e transmissão de veículos automotores,147.0,20568.0,0.038646918181667,94.68800665009583,20350,4.904019
46.84-2,Comércio atacadista de produtos químicos e petroquímicos, exceto agroquímicos,2014.0,20462.0,0.0384477460051182,94.72645439610095,17749,4.76514
10.64-3,Fabricação de farinha de milho e derivados, exceto óleos de milho,546.0,20347.0,0.0382316629833906,94.76468605908434,19533,2.339683
46.16-8,Representantes comerciais e agentes do comércio de têxteis, vestuário, calçados e artigos de viagem,12216.0,20347.0,0.0382316629833906,94.80291772206773,2826,1.567935
10.20-1,Preservação do pescado e fabricação de produtos do pescado,656.0,19898.0,0.0373879997072545,94.84030572177498,19028,1.877906
27.59-7,Fabricação de aparelhos eletrodomésticos não especificados anteriormente,373.0,19659.0,0.0369389228186208,94.8772446445936,19108,2.798272
13.11-1,Preparação e fiação de fibras de algodão,397.0,19616.0,0.0368581265583226,94.91410277115193,18980,2.02984
17.22-2,Fabricação de cartolina e papel-cartão,32.0,19596.0,0.03682054690237,94.95092331805431,19519,4.605144
23.11-7,Fabricação de vidro plano e de segurança,428.0,19584.0,0.0367979991087985,94.9877213171631,18988,3.086674
46.73-7,Comércio atacadista de material elétrico,1948.0,19572.0,0.0367754513152269,95.02449676847833,16804,2.908611
20.29-1,Fabricação de produtos químicos orgânicos não especificados anteriormente,359.0,19500.0,0.0366401645537975,95.06113693303213,18971,6.55437
26.10-8,Fabricação de componentes eletrônicos,1039.0,19423.0,0.0364954828783799,95.09763241591051,17869,3.267103
30.91-1,Fabricação de motocicletas,183.0,19414.0,0.0364785720332012,95.13411098794371,19151,4.692336
25.93-4,Fabricação de artigos de metal para uso doméstico e pessoal,1822.0,19311.0,0.0362850368050453,95.17039602474875,16671,1.948046
13.54-5,Fabricação de tecidos especiais, inclusive artefatos,643.0,19244.0,0.036159144957604,95.20655516970636,18297,2.926243
26.22-1,Fabricação de periféricos para equipamentos de informática,312.0,19107.0,0.0359017243143286,95.24245689402069,18653,3.683177
93.19-1,Atividades esportivas não especificadas anteriormente,7483.0,18968.0,0.035640545705458,95.27809743972615,11571,3.027777
17.41-9,Fabricação de produtos de papel, cartolina, papel-cartão e papelão ondulado para uso comercial e de escritório,1281.0,18964.0,0.0356330297742675,95.31373046950043,17116,2.561097
18.21-1,Serviços de pré-impressão,3417.0,18935.0,0.0355785392731362,95.34930900877356,14031,2.312308
46.13-3,Representantes comerciais e agentes do comércio de madeira, material de construção e ferragens,11178.0,18798.0,0.0353211186298608,95.38463012740343,3382,2.524543
46.71-1,Comércio atacadista de madeira e produtos derivados,2805.0,18681.0,0.035101277642538,95.41973140504597,14904,1.773956
20.62-2,Fabricação de produtos de limpeza e polimento,1509.0,18667.0,0.0350749718833712,95.45480637692934,16461,2.452423
77.33-1,Aluguel de máquinas e equipamentos para escritório,2087.0,18609.0,0.0349659908811086,95.48977236781045,15567,2.767284
58.22-1,Edição integrada à impressão de jornais,1006.0,18567.0,0.0348870736036081,95.52465944141406,17125,3.824731
77.23-3,Aluguel de objetos do vestuário, jóias e acessórios,2935.0,18467.0,0.034699175323845,95.55935861673791,14531,1.466684
33.29-5,Instalação de equipamentos não especificados anteriormente,3551.0,18416.0,0.0346033472011659,95.59396196393908,13819,1.868904
28.13-5,Fabricação de válvulas, registros e dispositivos semelhantes,482.0,18357.0,0.0344924872161057,95.62845445115518,17671,3.318551
22.12-9,Reforma de pneumáticos usados,1380.0,18189.0,0.0341768181061037,95.66263126926128,16161,1.945544
50.30-1,Navegação de apoio,366.0,17974.0,0.0337728368046131,95.6964041060659,17458,9.651814
20.31-2,Fabricação de resinas termoplásticas,223.0,17946.0,0.0337202252862795,95.73012433135217,17646,9.128228
23.20-6,Fabricação de cimento,61.0,17704.0,0.0332655114492529,95.76338984280143,17653,4.30267
17.31-1,Fabricação de embalagens de papel,1020.0,17632.0,0.0331302246878235,95.79652006748925,16206,2.259506
66.12-6,Atividades de intermediários em transações de títulos, valores mobiliários e mercadorias,2094.0,17423.0,0.0327375172831186,95.82925758477238,13974,14.97956
23.49-4,Fabricação de produtos cerâmicos não-refratários não especificados anteriormente,586.0,17356.0,0.0326116254356774,95.86186921020806,16504,2.013057
27.90-2,Fabricação de equipamentos e aparelhos elétricos não especificados anteriormente,1282.0,17231.0,0.0323767525859736,95.89424596279403,15197,2.962931
46.85-1,Comércio atacadista de produtos siderúrgicos e metalúrgicos, exceto para construção,1403.0,17179.0,0.0322790454804968,95.92652500827452,15256,2.824215
66.13-4,Administração de cartões de crédito,368.0,17074.0,0.0320817522867455,95.95860676056127,16659,5.796247
42.12-0,Construção de obras-de-arte especiais,528.0,17021.0,0.0319821661984711,95.99058892675974,16250,2.58867
59.14-6,Atividades de exibição cinematográfica,545.0,16999.0,0.0319408285769233,96.02252975533666,16143,1.633119
46.82-6,Comércio atacadista de gás liquefeito de petróleo (glp),548.0,16984.0,0.0319126438349588,96.05444239917162,16230,4.575649
18.11-3,Impressão de jornais, livros, revistas e outras publicações periódicas,1513.0,16844.0,0.0316495862432905,96.08609198541491,14784,2.712283
58.21-2,Edição integrada à impressão de livros,742.0,16740.0,0.0314541720323369,96.11754615744725,15582,5.065352
95.12-6,Reparação e manutenção de equipamentos de comunicação,3137.0,16635.0,0.0312568788385857,96.14880303628584,12626,1.871292
25.91-8,Fabricação de embalagens metálicas,203.0,16622.0,0.0312324520622165,96.18003548834805,16340,4.638555
85.92-9,Ensino de arte e cultura,3327.0,16417.0,0.0308472605887022,96.21088274893675,11768,1.993023
26.40-0,Fabricação de aparelhos de recepção, reprodução, gravação e amplificação de áudio e vídeo,389.0,16130.0,0.0303079925257822,96.24119074146253,15613,3.741974
01.32-6,Cultivo de uva,595.0,15931.0,0.0299340749490537,96.27112481641159,15233,1.268773
22.23-4,Fabricação de tubos e acessórios de material plástico para uso na construção,343.0,15889.0,0.0298551576715532,96.30097997408313,15399,3.352143
46.52-4,Comércio atacadista de componentes eletrônicos e equipamentos de telefonia e comunicação,1472.0,15857.0,0.0297950302220291,96.33077500430517,13850,6.29962
28.12-7,Fabricação de equipamentos hidráulicos e pneumáticos, exceto válvulas,521.0,15835.0,0.0297536926004812,96.36052869690565,15029,4.91595
58.11-5,Edição de livros,3281.0,15644.0,0.0293948068861337,96.38992350379178,10880,4.001561
77.40-3,Gestão de ativos intangíveis não-financeiros,3324.0,15613.0,0.0293365584194072,96.41926006221118,10854,5.12905
82.92-0,Envasamento e empacotamento sob contrato,994.0,15607.0,0.0293252845226214,96.44858534673381,14307,1.599942
20.99-1,Fabricação de produtos químicos não especificados anteriormente,993.0,15384.0,0.0289062713587498,96.47749161809256,13779,3.745264
23.19-2,Fabricação de artigos de vidro,820.0,15318.0,0.0287822584941061,96.50627387658666,14215,2.646933
30.41-5,Fabricação de aeronaves,47.0,15204.0,0.0285680544551763,96.53484193104184,15135,7.686106
10.72-4,Fabricação de açúcar refinado,41.0,15197.0,0.0285549015755928,96.56339683261743,15120,2.062232
16.23-4,Fabricação de artefatos de tanoaria e de embalagens de madeira,1202.0,15183.0,0.028528595816426,96.59192542843385,13492,1.695076
87.20-4,Atividades de assistência psicossocial e à saúde a portadores de distúrbios psíquicos, deficiência mental e dependência química,1793.0,15031.0,0.0282429904311862,96.62016841886503,13234,2.070885
01.34-2,Cultivo de café,5778.0,14964.0,0.0281170985837449,96.64828551744878,8320,1.71392
33.12-1,Manutenção e reparação de equipamentos eletrônicos e ópticos,3068.0,14962.0,0.0281133406181496,96.67639885806693,10547,3.104783
32.40-0,Fabricação de brinquedos e jogos recreativos,772.0,14913.0,0.0280212704610657,96.704420128528,13840,1.976727
15.21-1,Fabricação de artigos para viagem, bolsas e semelhantes de qualquer material,1357.0,14894.0,0.0279855697879108,96.73240569831592,13058,1.586981
01.11-3,Cultivo de cereais,6315.0,14862.0,0.0279254423383866,96.7603311406543,7375,2.368794
63.99-2,Outras atividades de prestação de serviços de informação não especificadas anteriormente,4234.0,14723.0,0.0276642637295159,96.78799540438382,8830,2.254745
85.91-1,Ensino de esportes,4102.0,14644.0,0.0275158240885031,96.81551122847232,9071,1.584123
15.39-4,Fabricação de calçados de materiais não especificados anteriormente,1054.0,14535.0,0.0273110149635614,96.84282224343588,13132,1.416838
28.14-3,Fabricação de compressores,91.0,14504.0,0.0272527664968348,96.8700750099327,14378,5.334401
26.31-1,Fabricação de equipamentos transmissores de comunicação,232.0,14405.0,0.0270667471998694,96.89714175713257,14057,5.051981
10.32-5,Fabricação de conservas de legumes e outros vegetais,793.0,14300.0,0.0268694540061182,96.92401121113869,13140,2.113011
24.49-1,Metalurgia dos metais não-ferrosos e suas ligas não especificados anteriormente,496.0,14268.0,0.026809326556594,96.95082053769528,13559,4.423198
28.54-2,Fabricação de máquinas e equipamentos para terraplenagem, pavimentação e construção, exceto tratores,167.0,14255.0,0.0267848997802248,96.9776054374755,14014,4.702126
20.93-2,Fabricação de aditivos de uso industrial,622.0,14075.0,0.0264466828766513,97.00405212035216,13089,6.118921
46.31-1,Comércio atacadista de leite e laticínios,1510.0,14066.0,0.0264297720314726,97.03048189238363,11651,2.478246
24.24-5,Produção de relaminados, trefilados e perfilados de aço,361.0,13832.0,0.025990090056827,97.05647198244046,13301,3.680437
46.65-6,Comércio atacadista de máquinas e equipamentos para uso comercial; partes e peças,1846.0,13804.0,0.0259374785384934,97.08240946097895,11260,3.044976
10.96-1,Fabricação de alimentos e pratos prontos,1677.0,13734.0,0.0258059497426592,97.10821541072161,11400,1.688261
58.29-8,Edição integrada à impressão de cadastros, listas e outros produtos gráficos,2895.0,13682.0,0.0257082426371824,97.13392365335879,9422,1.990412
30.11-3,Construção de embarcações e estruturas flutuantes,295.0,13640.0,0.0256293253596819,97.15955297871848,13238,4.166017
01.39-3,Cultivo de plantas de lavoura permanente não especificadas anteriormente,2111.0,13538.0,0.0254376691143236,97.1849906478328,11097,1.602885
69.12-5,Cartórios,5105.0,13498.0,0.0253625098024184,97.21035315763523,10266,2.945024
26.32-9,Fabricação de aparelhos telefônicos e de outros equipamentos de comunicação,99.0,13489.0,0.0253455989572397,97.23569875659247,13330,3.957599
01.31-8,Cultivo de laranja,2707.0,13415.0,0.025206554230215,97.26090531082268,10468,1.778981
93.21-2,Parques de diversão e parques temáticos,687.0,13390.0,0.0251595796602743,97.28606489048295,12419,1.803359
77.29-2,Aluguel de objetos pessoais e domésticos não especificados anteriormente,2623.0,13387.0,0.0251539427118814,97.31121883319483,9916,1.769132
27.32-5,Fabricação de material elétrico para instalações em circuito de consumo,302.0,12984.0,0.0243967126444362,97.33561554583926,12549,3.250713
32.11-6,Lapidação de gemas e fabricação de artefatos de ourivesaria e joalheria,1317.0,12973.0,0.0243760438336623,97.35999158967293,10969,2.352696
47.32-6,Comércio varejista de lubrificantes,2855.0,12916.0,0.0242689418141974,97.38426053148713,8961,1.627177
65.11-1,Seguros de vida,397.0,12898.0,0.02423512012384,97.40849565161096,12186,5.729565
01.62-8,Atividades de apoio à pecuária,2451.0,12851.0,0.0241468079323514,97.43264245954332,9112,1.687873
64.93-0,Administração de consórcios para aquisição de bens e direitos,440.0,12830.0,0.0241073492936011,97.45674980883692,12175,3.503827
24.12-1,Produção de ferroligas,66.0,12765.0,0.0239852154117551,97.48073502424867,12680,4.903546
24.42-3,Metalurgia dos metais preciosos,60.0,12649.0,0.02376725340723,97.5045022776559,12573,5.074026
24.31-8,Produção de tubos de aço com costura,121.0,12536.0,0.0235549283510977,97.528057206007,12376,3.448668
20.19-3,Fabricação de produtos químicos inorgânicos não especificados anteriormente,253.0,12506.0,0.0234985588671688,97.55155576487418,12096,5.194622
32.92-2,Fabricação de equipamentos e acessórios para segurança e proteção pessoal e profissional,778.0,12416.0,0.023329450415382,97.57488521528957,11326,1.934467
86.21-6,Serviços móveis de atendimento a urgências,488.0,12338.0,0.0231828897571668,97.59806810504674,11453,2.136383
29.50-6,Recondicionamento e recuperação de motores para veículos automotores,1836.0,12314.0,0.0231377941700237,97.62120589921676,9619,2.077911
46.21-4,Comércio atacadista de café em grão,1062.0,12260.0,0.0230363290989517,97.64424222831572,10569,3.132601
17.32-0,Fabricação de embalagens de cartolina e papel-cartão,255.0,12216.0,0.0229536538558559,97.66719588217157,11831,4.040857
66.29-1,Atividades auxiliares dos seguros, da previdência complementar e dos planos de saúde não especificadas anteriormente,1687.0,12095.0,0.0227262969373426,97.6899221791089,9315,3.776907
38.39-4,Recuperação de materiais não especificados anteriormente,1253.0,12069.0,0.0226774433846042,97.71259962249351,10177,1.776945
64.91-3,Sociedades de fomento mercantil - factoring,4484.0,12068.0,0.0226755644018066,97.73527518689532,4812,2.70409
01.21-1,Horticultura,5073.0,11995.0,0.0225383986575795,97.7578135855529,6473,1.818924
46.62-1,Comércio atacadista de máquinas, equipamentos para terraplenagem, mineração e construção; partes e peças,629.0,11965.0,0.0224820291736506,97.78029561472654,11114,5.110031
14.14-2,Fabricação de acessórios do vestuário, exceto para segurança e proteção,1283.0,11788.0,0.02214944921847,97.80244506394502,9999,1.591283
24.11-3,Produção de ferro-gusa,108.0,11707.0,0.0219972516118619,97.82444231555688,11516,2.588631
94.93-6,Atividades de organizações associativas ligadas à cultura e à arte,5885.0,11576.0,0.0217511048653723,97.84619342042225,7739,2.802741
73.12-2,Agenciamento de espaços para publicidade, exceto em veículos de comunicação,2904.0,11561.0,0.0217229201234078,97.86791634054566,7473,6.208585
38.21-1,Tratamento e disposição de resíduos não-perigosos,324.0,11436.0,0.021488047273704,97.88940438781937,11053,2.241026
18.22-9,Serviços de acabamentos gráficos,2484.0,11238.0,0.0211160086797731,97.91052039649914,7806,2.042131
46.43-5,Comércio atacadista de calçados e artigos de viagem,1514.0,11089.0,0.0208360402429262,97.93135643674206,9176,3.859154
28.15-1,Fabricação de equipamentos de transmissão para fins industriais,288.0,10955.0,0.0205842565480437,97.95194069329011,10500,4.100565
11.11-9,Fabricação de aguardentes e outras bebidas destiladas,1473.0,10945.0,0.0205654667200674,97.97250616001018,8679,3.03222
35.12-3,Transmissão de energia elétrica,262.0,10807.0,0.0203061670939943,97.99281232710418,10411,8.083202
27.40-6,Fabricação de lâmpadas e outros equipamentos de iluminação,758.0,10800.0,0.0202930142144109,98.01310534131859,9756,2.458401
29.43-3,Fabricação de peças e acessórios para o sistema de freios de veículos automotores,128.0,10795.0,0.0202836193004228,98.03338896061902,10610,3.991774
77.19-5,Locação de meios de transporte, exceto automóveis, sem condutor,2452.0,10748.0,0.0201953071089341,98.05358426772796,7421,2.128895
12.20-4,Fabricação de produtos do fumo,222.0,10661.0,0.0200318356055403,98.07361610333349,10419,4.443105
46.64-8,Comércio atacadista de máquinas, aparelhos e equipamentos para uso odonto-médico-hospitalar; partes e peças,1472.0,10623.0,0.0199604342592303,98.09357653759272,8581,4.570719
21.22-0,Fabricação de medicamentos para uso veterinário,176.0,10599.0,0.0199153386720872,98.11349187626482,10316,5.905699
26.21-3,Fabricação de equipamentos de informática,234.0,10573.0,0.0198664851193488,98.13335836138417,10208,6.358547
14.22-3,Fabricação de artigos do vestuário, produzidos em malharias e tricotagens, exceto meias,1775.0,10479.0,0.0196898607363715,98.15304822212055,8006,1.474663
23.41-9,Fabricação de produtos cerâmicos refratários,360.0,10114.0,0.0190040320152363,98.17205225413578,9537,2.934207
73.20-3,Pesquisas de mercado e de opinião pública,1496.0,10046.0,0.0188762611849974,98.19092851532078,7973,5.538744
56.12-1,Serviços ambulantes de alimentação,2673.0,9887.0,0.0185775029201741,98.20950601824096,6593,1.447475
24.52-1,Fundição de metais não-ferrosos e suas ligas,711.0,9809.0,0.0184309422619589,98.22793696050292,8730,2.447026
50.21-1,Transporte por navegação interior de carga,350.0,9683.0,0.0181941904294575,98.24613115093237,9165,2.76105
25.13-6,Fabricação de obras de caldeiraria pesada,594.0,9564.0,0.0179705914765394,98.26410174240891,8661,3.211642
38.32-7,Recuperação de materiais plásticos,1264.0,9564.0,0.0179705914765394,98.28207233388545,7836,1.611375
93.11-5,Gestão de instalações de esportes,1207.0,9545.0,0.0179348908033845,98.30000722468884,7892,1.18043
37.02-9,Atividades relacionadas a esgoto, exceto a gestão de redes,1198.0,9463.0,0.0177808142139788,98.31778803890282,7884,2.013332
52.32-0,Atividades de agenciamento marítimo,730.0,9353.0,0.0175741261062394,98.33536216500906,8239,5.31273
33.19-8,Manutenção e reparação de equipamentos e produtos não especificados anteriormente,1731.0,9315.0,0.0175027247599294,98.352864889769,7003,2.286558
28.52-6,Fabricação de outras máquinas e equipamentos para uso na extração mineral, exceto na extração de petróleo,206.0,9299.0,0.0174726610351673,98.37033755080417,8994,4.310598
27.22-8,Fabricação de baterias e acumuladores para veículos automotores,145.0,9112.0,0.0171212912520104,98.38745884205618,8922,3.385477
32.91-4,Fabricação de escovas, pincéis e vassouras,628.0,9057.0,0.0170179471981407,98.40447678925432,8184,2.413573
74.10-2,Design e decoração de interiores,4445.0,9036.0,0.0169784885593905,98.4214552778137,3162,2.602691
33.11-2,Manutenção e reparação de tanques, reservatórios metálicos e caldeiras, exceto para veículos,1068.0,8947.0,0.0168112590904013,98.43826653690411,7566,2.248068
46.14-1,Representantes comerciais e agentes do comércio de máquinas, equipamentos, embarcações e aeronaves,4647.0,8834.0,0.0165989340342691,98.45486547093837,2555,3.313671
38.31-9,Recuperação de materiais metálicos,1005.0,8804.0,0.0165425645503402,98.47140803548871,7488,2.452989
25.21-7,Fabricação de tanques, reservatórios metálicos e caldeiras para aquecimento central,569.0,8780.0,0.016497468963197,98.4879055044519,7983,2.575595
66.30-4,Atividades de administração de fundos por contrato ou comissão,1534.0,8740.0,0.0164223096512918,98.50432781410319,5608,21.431775
20.12-6,Fabricação de intermediários para fertilizantes,41.0,8729.0,0.0164016408405179,98.5207294549437,8666,5.357827
45.43-9,Manutenção e reparação de motocicletas,2769.0,8629.0,0.0162137425607548,98.53694319750446,5265,1.444973
32.12-4,Fabricação de bijuterias e artefatos semelhantes,822.0,8597.0,0.0161536151112306,98.55309681261569,7411,1.614772
31.03-9,Fabricação de móveis de outros materiais, exceto madeira e metal,840.0,8551.0,0.0160671819025396,98.56916399451823,7315,2.048709
42.91-0,Obras portuárias, marítimas e fluviais,200.0,8518.0,0.0160051754702178,98.58516916998845,8250,4.96016
43.12-6,Perfurações e sondagens,712.0,8494.0,0.0159600798830747,98.60112924987152,7461,2.260617
30.92-0,Fabricação de bicicletas e triciclos não-motorizados,435.0,8471.0,0.0159168632787292,98.61704611315025,7883,2.271322
64.36-1,Sociedades de crédito, financiamento e investimento - financeiras,206.0,8420.0,0.01582103515605,98.6328671483063,8187,5.76023
52.22-2,Terminais rodoviários e ferroviários,216.0,8402.0,0.0157872134656926,98.64865436177199,8143,2.093524
77.31-4,Aluguel de máquinas e equipamentos agrícolas sem operador,1683.0,8372.0,0.0157308439817637,98.66438520575375,6233,1.899989
10.69-4,Moagem e fabricação de produtos de origem vegetal não especificados anteriormente,671.0,8224.0,0.0154527545277144,98.67983796028146,7213,2.425615
47.56-3,Comércio varejista especializado de instrumentos musicais e acessórios,2272.0,8192.0,0.0153926270781902,98.69523058735965,5136,1.595517
01.63-6,Atividades de pós-colheita,758.0,8128.0,0.0152723721791418,98.71050295953879,6935,1.740145
79.90-2,Serviços de reservas e outros serviços de turismo não especificados anteriormente,1538.0,7971.0,0.0149773718799138,98.7254803314187,5850,3.755742
08.99-1,Extração de minerais não-metálicos não especificados anteriormente,727.0,7771.0,0.0146015753203877,98.74008190673908,6544,2.449828
11.12-7,Fabricação de vinho,744.0,7760.0,0.0145809065096138,98.75466281324869,6339,2.868004
01.41-5,Produção de sementes certificadas,387.0,7729.0,0.0145226580428872,98.76918547129158,7075,3.766123
17.49-4,Fabricação de produtos de pastas celulósicas, papel, cartolina, papel-cartão e papelão ondulado não especificados anteriormente,401.0,7717.0,0.0145001102493157,98.7836855815409,7141,2.611335
23.92-3,Fabricação de cal e gesso,480.0,7714.0,0.0144944733009228,98.79818005484182,6979,2.591384
15.29-7,Fabricação de artefatos de couro não especificados anteriormente,1077.0,7701.0,0.0144700465245536,98.81265010136637,6273,1.542066
19.22-5,Fabricação de produtos derivados do petróleo, exceto produtos do refino,161.0,7671.0,0.0144136770406246,98.827063778407,7483,5.738365
46.15-0,Representantes comerciais e agentes do comércio de eletrodomésticos, móveis e artigos de uso doméstico,4129.0,7654.0,0.0143817343330649,98.84144551274007,1889,1.913987
45.12-9,Representantes comerciais e agentes do comércio de veículos automotores,3318.0,7612.0,0.0143028170555644,98.85574832979563,3475,1.549048
49.40-0,Transporte dutoviário,13.0,7563.0,0.0142107468984805,98.86995907669412,7546,19.574185
46.12-5,Representantes comerciais e agentes do comércio de combustíveis, minerais, produtos siderúrgicos e químicos,4620.0,7546.0,0.0141788041909208,98.88413788088504,1384,3.295001
03.21-3,Aquicultura em água salgada e salobra,642.0,7514.0,0.0141186767413966,98.89825655762642,6396,1.332008
38.12-2,Coleta de resíduos perigosos,431.0,7435.0,0.0139702371003838,98.9122267947268,6835,2.021247
47.85-7,Comércio varejista de artigos usados,2483.0,7435.0,0.0139702371003838,98.92619703182719,4302,1.519997
65.41-3,Previdência complementar fechada,269.0,7386.0,0.0138781669432999,98.94007519877049,7299,8.166994
18.12-1,Impressão de material de segurança,385.0,7383.0,0.013872529994907,98.9539477287654,6857,5.119982
46.11-7,Representantes comerciais e agentes do comércio de matérias-primas agrícolas e animais vivos,4287.0,7241.0,0.0136057144376435,98.96755344320304,1570,1.756564
10.65-1,Fabricação de amidos e féculas de vegetais e de óleos de milho,244.0,7214.0,0.0135549819021074,98.98110842510515,6854,3.083193
14.21-5,Fabricação de meias,167.0,7063.0,0.0132712554996652,98.99437968060481,6803,2.037112
33.16-3,Manutenção e reparação de aeronaves,416.0,7046.0,0.0132393127921055,99.00761899339692,6404,5.484176
25.50-1,Fabricação de equipamento bélico pesado, armas de fogo e munições,22.0,6972.0,0.0131002680650808,99.02071926146199,6932,2.854232
43.11-8,Demolição e preparação de canteiros de obras,897.0,6914.0,0.0129912870628182,99.03371054852481,5703,2.11015
23.12-5,Fabricação de embalagens de vidro,27.0,6860.0,0.0128898219917462,99.04660037051656,6828,4.430983
07.29-4,Extração de minerais metálicos não-ferrosos não especificados anteriormente,143.0,6842.0,0.0128560003013888,99.05945637081794,6627,5.618964
28.21-6,Fabricação de aparelhos e equipamentos para instalações térmicas,386.0,6821.0,0.0128165416626386,99.07227291248059,6178,3.26313
33.17-1,Manutenção e reparação de embarcações,716.0,6645.0,0.0124858406902556,99.08475875317085,5607,3.034491
51.12-9,Transporte aéreo de passageiros não-regular,405.0,6610.0,0.0124200762923385,99.09717882946319,6138,5.670599
28.24-1,Fabricação de aparelhos e equipamentos de ar condicionado,109.0,6578.0,0.0123599488428144,99.109538778306,6434,4.324536
13.52-9,Fabricação de artefatos de tapeçaria,493.0,6515.0,0.0122415729265636,99.12178035123257,5899,2.19443
26.60-4,Fabricação de aparelhos eletromédicos e eletroterapêuticos e equipamentos de irradiação,287.0,6212.0,0.0116722411388815,99.13345259237146,5818,6.573316
28.31-3,Fabricação de tratores agrícolas,110.0,6155.0,0.0115651391194166,99.14501773149087,5998,4.546482
24.43-1,Metalurgia do cobre,48.0,6147.0,0.0115501072570355,99.1565678387479,6072,4.662516
77.21-7,Aluguel de equipamentos recreativos e esportivos,1199.0,6130.0,0.0115181645494758,99.16808600329738,4550,1.540573
28.51-8,Fabricação de máquinas e equipamentos para a prospecção e extração de petróleo,48.0,6006.0,0.0112851706825696,99.17937117397994,5955,8.456984
20.92-4,Fabricação de explosivos,117.0,5891.0,0.0110690876608421,99.19044026164079,5712,3.373727
25.41-1,Fabricação de artigos de cutelaria,213.0,5872.0,0.0110333869876871,99.20147364862848,5496,3.272887
28.61-5,Fabricação de máquinas para a indústria metalúrgica, exceto máquinas-ferramenta,654.0,5753.0,0.0108097880347691,99.21228343666324,4727,2.850135
37.01-1,Gestão de redes de esgoto,160.0,5745.0,0.010794756172388,99.22307819283563,5584,3.392444
20.14-2,Fabricação de gases industriais,51.0,5669.0,0.0106519534797681,99.2337301463154,5602,6.807442
58.12-3,Edição de jornais,1558.0,5659.0,0.0106331636517918,99.24436330996718,3549,2.822401
20.91-6,Fabricação de adesivos e selantes,291.0,5653.0,0.010621889755006,99.25498519972219,5226,4.342526
91.02-3,Atividades de museus e de exploração, restauração artística e conservação de lugares e prédios históricos e atrações similares,387.0,5609.0,0.0105392145119103,99.2655244142341,5260,4.471201
65.20-1,Seguros-saúde,9.0,5563.0,0.0104527813032193,99.27597719553731,5553,5.33112
66.21-5,Avaliação de riscos e perdas,996.0,5465.0,0.0102686409890514,99.28624583652636,3957,5.860297
24.39-3,Produção de outros tubos de ferro e aço,135.0,5336.0,0.0100262522081571,99.29627208873453,5136,6.824825
02.20-9,Produção florestal - florestas nativas,867.0,5323.0,0.0100018254317879,99.30627391416631,4124,1.477111
12.10-7,Processamento industrial do fumo,31.0,5313.0,0.00998303560381159,99.31625694977012,5287,2.696425
94.92-8,Atividades de organizações políticas,7196.0,5244.0,0.00985338579077508,99.3261103355609,1901,4.337792
13.13-8,Fiação de fibras artificiais e sintéticas,96.0,5143.0,0.00966360852821438,99.33577394408911,4987,1.954659
32.30-2,Fabricação de artefatos para pesca e esporte,575.0,5133.0,0.00964481870023808,99.34541876278935,4374,1.870099
64.31-0,Bancos múltiplos, sem carteira comercial,33.0,5099.0,0.00958093328511864,99.35499969607447,5070,11.217061
13.53-7,Fabricação de artefatos de cordoaria,271.0,5052.0,0.00949262109362999,99.3644923171681,4663,2.284144
58.23-9,Edição integrada à impressão de revistas,354.0,4953.0,0.00930660179666456,99.37379891896477,4436,6.143319
79.12-1,Operadores turísticos,1230.0,4950.0,0.00930096484827167,99.38309988381303,3208,2.776498
42.23-5,Construção de redes de transportes por dutos, exceto para água e esgoto,73.0,4824.0,0.00906421301577021,99.39216409682881,4720,2.852576
59.20-1,Atividades de gravação de som e de edição de música,2053.0,4822.0,0.00906045505017495,99.40122455187898,1983,4.454368
28.25-9,Fabricação de máquinas e equipamentos para saneamento básico e ambiental,307.0,4820.0,0.00905669708457969,99.41028124896356,4379,3.968488
01.54-7,Criação de suínos,360.0,4796.0,0.00901160149743655,99.41929285046099,4281,2.011676
25.31-4,Produção de forjados de aço e de metais não-ferrosos e suas ligas,265.0,4750.0,0.00892516828874554,99.42821801874973,4316,3.802591
28.11-9,Fabricação de motores e turbinas, exceto para aviões e veículos rodoviários,93.0,4733.0,0.00889322558118582,99.43711124433092,4609,6.189353
58.19-1,Edição de cadastros, listas e outros produtos gráficos,1384.0,4731.0,0.00888946761559056,99.44600071194651,2814,1.794136
10.42-2,Fabricação de óleos vegetais refinados, exceto óleo de milho,114.0,4701.0,0.00883309813166164,99.45483381007817,4512,2.707685
60.22-5,Programadoras e atividades relacionadas à televisão por assinatura,173.0,4672.0,0.00877860763053035,99.4636124177087,4464,9.745761
58.13-1,Edição de revistas,1569.0,4639.0,0.00871660119820854,99.4723290189069,2474,3.647096
64.99-9,Outras atividades de serviços financeiros não especificadas anteriormente,1606.0,4633.0,0.00870532730142276,99.48103434620833,3432,6.883233
06.00-0,Extração de petróleo e gás natural,172.0,4625.0,0.00869029543904171,99.48972464164737,4392,21.610576
30.42-3,Fabricação de turbinas, motores e outros componentes e peças para aeronaves,43.0,4590.0,0.00862453104112464,99.49834917268849,4527,4.616832
64.21-2,Bancos comerciais,22.0,4539.0,0.00852870291844548,99.50687787560693,4527,4.513102
38.22-0,Tratamento e disposição de resíduos perigosos,160.0,4403.0,0.00827316125796771,99.51515103686489,4195,2.785531
63.91-7,Agências de notícias,1979.0,4370.0,0.0082111548256459,99.52336219169054,1730,7.124107
01.22-9,Cultivo de flores e plantas ornamentais,995.0,4362.0,0.00819612296326485,99.53155831465381,3062,1.280125
10.63-5,Fabricação de farinha de mandioca e derivados,488.0,4358.0,0.00818860703207433,99.53974692168588,3682,1.651606
01.12-1,Cultivo de algodão herbáceo e de outras fibras de lavoura temporária,231.0,4347.0,0.00816793822130039,99.54791485990718,4027,3.127142
19.32-2,Fabricação de biocombustíveis, exceto álcool,55.0,4257.0,0.00799882976951364,99.5559136896767,4182,3.684312
35.20-4,Produção de gás; processamento de gás natural; distribuição de combustíveis gasosos por redes urbanas,65.0,4152.0,0.00780153657576242,99.56371522625247,4058,8.558246
59.12-0,Atividades de pós-produção cinematográfica, de vídeos e de programas de televisão,2225.0,4093.0,0.00769067659070221,99.57140590284317,1081,2.848295
43.19-3,Serviços de preparação do terreno não especificados anteriormente,341.0,4016.0,0.00754599491528465,99.57895189775846,3527,1.863556
20.32-1,Fabricação de resinas termofixas,74.0,3918.0,0.00736185460111685,99.58631375235957,3824,7.412852
50.91-2,Transporte por navegação de travessia,222.0,3913.0,0.0073524596871287,99.5936662120467,3612,2.472355
03.22-1,Aquicultura em água doce,1017.0,3883.0,0.00729609020319978,99.6009623022499,2427,1.655505
20.73-8,Fabricação de impermeabilizantes, solventes e produtos afins,168.0,3791.0,0.00712322378581776,99.60808552603571,3518,4.145542
25.22-5,Fabricação de caldeiras geradoras de vapor, exceto para aquecimento central e para veículos,104.0,3778.0,0.00709879700944856,99.61518432304516,3609,4.507379
52.39-7,Atividades auxiliares dos transportes aquaviários não especificadas anteriormente,382.0,3712.0,0.00697478414480494,99.62215910718996,2857,5.450301
30.32-6,Fabricação de peças e acessórios para veículos ferroviários,57.0,3707.0,0.00696538923081678,99.62912449642077,3645,7.024693
46.74-5,Comércio atacadista de cimento,496.0,3662.0,0.0068808350049234,99.6360053314257,3027,1.932386
30.12-1,Construção de embarcações para esporte e lazer,281.0,3641.0,0.00684137636617316,99.64284670779186,3271,3.080456
47.62-8,Comércio varejista de discos, cds, dvds e fitas,1374.0,3636.0,0.00683198145218501,99.64967868924404,1853,1.474716
50.22-0,Transporte por navegação interior de passageiros em linhas regulares,319.0,3632.0,0.00682446552099449,99.65650315476503,3211,1.800526
09.90-4,Atividades de apoio à extração de minerais, exceto petróleo e gás natural,362.0,3625.0,0.00681131264141107,99.66331446740645,3142,2.759551
05.00-3,Extração de carvão mineral,48.0,3619.0,0.00680003874462529,99.67011450615108,3548,3.896581
64.33-6,Bancos de desenvolvimento,5.0,3609.0,0.00678124891664898,99.67689575506773,3608,25.271642
64.10-7,Banco central,1.0,3581.0,,,,
13.12-0,Preparação e fiação de fibras têxteis naturais, exceto algodão,144.0,3561.0,0.00669105774236271,99.6903154502084,3307,1.621568
07.21-9,Extração de minério de alumínio,23.0,3505.0,0.00658583470569539,99.69690128491409,3485,5.833161
08.92-4,Extração e refino de sal marinho e sal-gema,121.0,3492.0,0.0065614079293262,99.70346269284342,3298,2.133913
26.52-3,Fabricação de cronômetros e relógios,30.0,3492.0,0.0065614079293262,99.71002410077274,3444,2.516963
90.03-5,Gestão de espaços para artes cênicas, espetáculos e outras atividades artísticas,433.0,3468.0,0.00651631234218306,99.71654041311493,2908,3.996625
07.24-3,Extração de minério de metais preciosos,376.0,3432.0,0.00644866896146836,99.7229890820764,2855,3.877101
13.14-6,Fabricação de linhas para costurar e bordar,65.0,3344.0,0.00628331847527686,99.72927240055168,3243,1.995063
46.36-2,Comércio atacadista de produtos do fumo,569.0,3329.0,0.0062551337333124,99.735527534285,2581,2.640017
61.41-8,Operadoras de televisão por assinatura por cabo,190.0,3329.0,0.0062551337333124,99.74178266801832,3073,2.047866
72.20-7,Pesquisa e desenvolvimento experimental em ciências sociais e humanas,660.0,3318.0,0.00623446492253846,99.74801713294086,2458,3.600825
13.22-7,Tecelagem de fios de fibras têxteis naturais, exceto algodão,88.0,3311.0,0.00622131204295505,99.75423844498381,3155,1.456312
28.65-8,Fabricação de máquinas e equipamentos para as indústrias de celulose, papel e papelão e artefatos,119.0,3260.0,0.00612548392027589,99.76036392890408,3085,7.181144
28.64-0,Fabricação de máquinas e equipamentos para as indústrias do vestuário, do couro e de calçados,291.0,3256.0,0.00611796798908537,99.76648189689317,2764,3.028599
84.21-3,Relações exteriores,3.0,3226.0,,,,
28.32-1,Fabricação de equipamentos para irrigação agrícola,143.0,3206.0,0.00602401884920383,99.77856751424753,2987,3.968091
20.40-1,Fabricação de fibras artificiais e sintéticas,98.0,3139.0,0.00589812700176258,99.78446564124928,3014,4.220507
01.59-8,Criação de animais não especificados anteriormente,691.0,3123.0,0.00586806327700049,99.79033370452629,2167,1.416649
01.52-1,Criação de outros animais de grande porte,736.0,3035.0,0.00570271279080899,99.7960364173171,2051,1.787238
30.99-7,Fabricação de equipamentos de transporte não especificados anteriormente,213.0,2865.0,0.00538328571521178,99.80141970303231,2564,2.128216
35.13-1,Comércio atacadista de energia elétrica,486.0,2847.0,0.00534946402485443,99.80676916705717,2080,6.77052
99.00-8,Organismos internacionais e outras instituições extraterritoriais,267.0,2774.0,0.0052122982806274,99.8119814653378,2677,5.868864
50.11-4,Transporte marítimo de cabotagem,106.0,2728.0,0.00512586507193639,99.81710733040973,2603,8.824475
27.21-0,Fabricação de pilhas, baterias e acumuladores elétricos, exceto para veículos automotores,26.0,2717.0,0.00510519626116245,99.8222125266709,2681,3.477144
10.82-1,Fabricação de produtos à base de café,47.0,2657.0,0.00499245729330461,99.8272049839642,2574,4.093905
64.92-1,Securitização de créditos,837.0,2574.0,0.00483650172110127,99.8320414856853,1502,3.431271
20.72-0,Fabricação de tintas de impressão,80.0,2469.0,0.00463920852735005,99.83668069421265,2325,4.45831
01.42-3,Produção de mudas e outras formas de propagação vegetal, certificadas,361.0,2408.0,0.00452459057669458,99.84120528478934,1908,1.478036
64.35-2,Crédito imobiliário,41.0,2349.0,0.00441373059163437,99.84561901538098,2297,8.797797
65.42-1,Previdência complementar aberta,27.0,2344.0,0.00440433567764622,99.85002335105862,2316,6.142835
28.63-1,Fabricação de máquinas e equipamentos para a indústria têxtil,191.0,2340.0,0.0043968197464557,99.85442017080508,2045,3.752334
21.10-6,Fabricação de produtos farmoquímicos,112.0,2338.0,0.00439306178086044,99.85881323258594,2152,4.304205
86.22-4,Serviços de remoção de pacientes, exceto os serviços móveis de atendimento a urgências,399.0,2320.0,0.00435924009050309,99.86317247267645,1733,1.957861
28.66-6,Fabricação de máquinas e equipamentos para a indústria do plástico,232.0,2295.0,0.00431226552056232,99.86748473819702,1930,3.366812
91.03-1,Atividades de jardins botânicos, zoológicos, parques nacionais, reservas ecológicas e áreas de proteção ambiental,258.0,2277.0,0.00427844383020497,99.87176318202722,2060,3.48956
91.01-5,Atividades de bibliotecas e arquivos,206.0,2248.0,0.00422395332907368,99.8759871353563,2014,4.969585
66.11-8,Administração de bolsas e mercados de balcão organizados,21.0,2211.0,0.00415443096556135,99.88014156632185,2168,16.275611
61.30-2,Telecomunicações por satélite,147.0,2167.0,0.0040717557224656,99.88421332204432,1982,9.337261
01.16-4,Cultivo de oleaginosas de lavoura temporária, exceto soja,758.0,2138.0,0.00401726522133431,99.88823058726565,1283,1.894014
30.31-8,Fabricação de locomotivas, vagões e outros materiais rodantes,12.0,2041.0,0.00383500388996414,99.89206559115561,2034,6.63489
20.52-5,Fabricação de desinfestantes domissanitários,167.0,2010.0,0.00377675542323759,99.89584234657885,1745,3.570213
50.12-2,Transporte marítimo de longo curso,40.0,1994.0,0.0037466916984755,99.89958903827733,1945,7.899425
77.22-5,Aluguel de fitas de vídeo, dvds e similares,857.0,1963.0,0.00368844323174895,99.90327748150908,823,1.395238
03.11-6,Pesca em água salgada,423.0,1943.0,0.00365086357579633,99.90692834508488,1405,1.978693
61.43-4,Operadoras de televisão por assinatura por satélite,33.0,1927.0,0.00362079985103424,99.91054914493591,1893,8.898923
64.61-1,Holdings de instituições financeiras,442.0,1918.0,0.00360388900585557,99.91415303394177,1298,10.408095
30.50-4,Fabricação de veículos militares de combate,3.0,1910.0,,,,
20.22-3,Fabricação de intermediários para plastificantes, resinas e fibras,44.0,1908.0,0.00358509917787926,99.92132699026313,1860,5.286593
90.02-7,Criação artística,974.0,1893.0,0.0035569144359148,99.92488390469904,601,4.959175
51.20-0,Transporte aéreo de carga,68.0,1828.0,0.00343478055406881,99.92831868525312,1750,6.440235
33.15-5,Manutenção e reparação de veículos ferroviários,91.0,1815.0,0.00341035377769961,99.93172903903081,1706,4.279984
39.00-5,Descontaminação e outros serviços de gestão de resíduos,134.0,1756.0,0.0032994937926394,99.93502853282345,1579,1.955522
01.35-1,Cultivo de cacau,100.0,1729.0,0.00324876125710338,99.93827729408055,1463,1.306366
20.11-8,Fabricação de cloro e álcalis,47.0,1664.0,0.00312662737525739,99.9414039214558,1584,6.107871
50.99-8,Transportes aquaviários não especificados anteriormente,294.0,1638.0,0.00307777382251899,99.94448169527833,1276,1.730863
08.91-6,Extração de minerais para fabricação de adubos, fertilizantes e outros produtos químicos,94.0,1597.0,0.00300073552781613,99.94748243080615,1405,2.617432
28.53-4,Fabricação de tratores, exceto agrícolas,26.0,1565.0,0.00294060807829195,99.95042303888444,1539,6.045087
64.70-1,Fundos de investimento,10990.0,1551.0,0.00291430231912512,99.95333734120356,21,5.816532
18.30-0,Reprodução de materiais gravados em qualquer suporte,411.0,1526.0,0.00286732774918436,99.95620466895275,981,4.229419
64.34-4,Agências de fomento,33.0,1507.0,0.00283162707602937,99.95903629602878,1474,9.473974
32.20-5,Fabricação de instrumentos musicais,179.0,1498.0,0.0028147162308507,99.96185101225963,1239,1.826612
07.23-5,Extração de minério de manganês,57.0,1388.0,0.00260802812311133,99.96445904038274,1284,2.910254
64.50-6,Sociedades de capitalização,24.0,1333.0,0.00250468406924164,99.96696372445197,1293,6.309395
45.42-1,Representantes comerciais e agentes do comércio de motocicletas, peças e acessórios,684.0,1295.0,0.00243328272293168,99.9693970071749,431,1.444373
20.33-9,Fabricação de elastômeros,36.0,1276.0,0.0023975820497767,99.97179458922469,1229,7.488518
08.93-2,Extração de gemas (pedras preciosas e semipreciosas),183.0,1222.0,0.00229611697870464,99.97409070620338,949,2.582773
26.70-1,Fabricação de equipamentos e instrumentos ópticos, fotográficos e cinematográficos,106.0,1178.0,0.00221344173560889,99.97630414793899,1015,2.613676
64.37-9,Sociedades de crédito ao microempreendedor,70.0,1158.0,0.00217586207965628,99.97848001001864,1081,2.724066
21.23-8,Fabricação de preparações farmacêuticas,45.0,1079.0,0.00202742243864346,99.98050743245729,1017,4.079203
59.13-8,Distribuição cinematográfica, de vídeo e de programas de televisão,279.0,1073.0,0.00201614854185768,99.98252358099914,695,13.576913
20.21-5,Fabricação de produtos petroquímicos básicos,16.0,1049.0,0.00197105295471454,99.98449463395386,1017,14.52359
03.12-4,Pesca em água doce,670.0,923.0,0.00173430112221308,99.98622893507607,195,1.528555
35.30-1,Produção e distribuição de vapor, água quente e ar condicionado,30.0,893.0,0.00167793163828416,99.98790686671435,816,3.98706
20.94-1,Fabricação de catalisadores,10.0,715.0,0.00134347270030591,99.98925033941467,702,5.676961
65.30-8,Resseguros,19.0,689.0,0.00129461914756751,99.99054495856224,680,14.186702
64.32-8,Bancos de investimento,15.0,686.0,0.00128898219917462,99.99183394076141,674,32.297179
07.22-7,Extração de minério de estanho,37.0,654.0,0.00122885474965044,99.99306279551107,602,2.206568
10.43-1,Fabricação de margarina e outras gorduras vegetais e de óleos não-comestíveis de animais,23.0,622.0,0.00116872730012626,99.99423152281119,599,2.007461
49.50-7,Trens turísticos, teleféricos e similares,33.0,605.0,0.00113678459256654,99.99536830740375,561,3.435492
01.53-9,Criação de caprinos e ovinos,222.0,602.0,0.00113114764417365,99.99649945504792,310,1.549907
01.14-8,Cultivo de fumo,13.0,408.0,0.000766624981433301,99.99726608002936,374,1.821987
19.10-1,Coquerias,8.0,395.0,0.000742198205064103,99.99800827823442,383,5.11144
80.30-7,Atividades de investigação particular,118.0,341.0,0.000640733133992048,99.99864901136841,189,2.064494
64.40-9,Arrendamento mercantil,32.0,318.0,0.000597516529646544,99.99924652789807,281,9.989996
64.38-7,Bancos de câmbio e outras instituições de intermediação não-monetária,16.0,228.0,0.000428408077859786,99.99967493597593,219,6.782525
92.00-3,Atividades de exploração de jogos de azar e apostas,62.0,116.0,0.000217962004525154,99.99989289798046,44,1.567179
26.80-9,Fabricação de mídias virgens, magnéticas e ópticas,10.0,46.0,8.64332086910095e-05,99.99997933118915,32,1.792902
61.42-6,Operadoras de televisão por assinatura por micro-ondas,4.0,11.0,2.0668810773937e-05,99.99999999999993,9,3.66639
