codigo_cnae,atividade,numero_empresas,pessoal_ocup_total,pessoal_ocup_assal_total,pessoal_ocup_assal_masc,pessoal_ocup_assal_fem,pessoal_ocup_assal_sup,pessoal_ocup_assal_non_sup,pessoal_assalariado_medio_total,pessoal_assalariado_medio_masc,pessoal_assalariado_medio_fem,pessoal_assalariado_medio_sup,pessoal_assalariado_non_sup,salario_outras_rem_total,salario_outras_rem_masc,salario_outras_rem_fem,salario_outras_rem_sup,salario_outras_rem_non_sup,salario_min_mensal_total,salario_min_mensal_masc,salario_min_mensal_fem,salario_min_mensal_sup,salario_min_mensal_non_sup,salario_medio_mensal_total,salario_medio_mensal_masc,salario_medio_mensal_fem,salario_medio_mensal_sup,salario_medio_mensal_non_sup
A,"Agricultura, pecuária, produção florestal, pesca e aquicultura",2059,27129,23960,21270,2690,973,22987,23335.91,20662.34,2673.57,932.25,22403.66,495461.484,439167.987,56293.497,64600.03,430861.454,1.636482,1.638239,1.622904,5.341047,1.48233,1633.20915473851,1634.962586336,1619.65798539032,5330.36532788745,1479.36492382186
01,"Agricultura, pecuária e serviços relacionados",1420,20168,17903,15653,2250,805,17098,17901.2,15644.72,2256.48,784.09,17117.11,385778.802,338920.681,46858.121,57277.008,328501.794,1.661049,1.669769,1.600588,5.630416,1.479222,1657.72643518526,1666.42941614708,1597.38656941513,5619.15557181917,1476.26373664893
01.1,Produção de lavouras temporárias,188,1178,867,760,107,50,817,848.37,745.78,102.59,46.39,801.98,22658.356,20264.769,2393.587,3188.029,19470.327,2.058587,2.094387,1.798334,5.296927,1.871267,2054.46970253364,2090.19869749173,1794.73707888758,5286.33326147877,1867.52470328245
01.2,Horticultura e floricultura,73,379,290,234,56,5,285,306.47,247.92,58.55,4.34,302.13,4831.323,4000.105,831.218,167.163,4664.16,1.215078,1.243615,1.094244,2.96877,1.189887,1212.64799415679,1241.1277211011,1092.05544242265,2962.83232896136,1187.50716069751
01.3,Produção de lavouras permanentes,116,9249,9006,7990,1016,416,8590,9144.41,8106.22,1038.19,433.79,8710.62,183694.143,162308.928,21385.215,31873.351,151820.792,1.548338,1.543299,1.58768,5.663362,1.343409,1545.24115741832,1540.21259648099,1584.50431853662,5652.03492650644,1340.72229778574
01.4,Produção de sementes e mudas certificadas,22,245,220,184,36,21,199,251.31,217.1,34.21,18.69,232.62,7338.86,5777.587,1561.273,1458.626,5880.234,2.250842,2.051223,3.517644,6.015348,1.94838,2246.33994790375,2047.12007936789,3510.60868392058,6003.31728196897,1944.48324438007
01.5,Pecuária,654,7291,6250,5398,852,249,6001,6148.44,5316.14,832.3,233.47,5914.97,143641.649,126664.494,16977.155,18898.349,124743.3,1.800701,1.836473,1.572212,6.239056,1.625514,1797.09936429153,1832.80023012649,1569.06764387841,6226.57794939887,1622.26325096128
01.6,Atividades de apoio à agricultura e à pecuária; atividades de pós-colheita,367,1826,1270,1087,183,64,1206,1202.2,1011.56,190.64,47.41,1154.79,23614.471,19904.798,3709.673,1691.49,21922.981,1.514006,1.516674,1.49985,2.749955,1.463264,1510.97801466542,1513.64062210082,1496.84988217825,2744.455080882,1460.33751058301
01.7,Caça e serviços relacionados,,,,,,,,,,,,,,,,,,,,,,,,,,,
02,Produção florestal,498,6069,5361,5006,355,156,5205,4518.12,4192.69,325.43,136.25,4381.87,90788.576,83001.368,7787.208,6949.064,83839.512,1.548815,1.525874,1.84438,3.931116,1.47474,1545.71738142958,1522.82201054326,1840.69077835479,3923.254199012,1471.79017879792
02.1,Produção florestal - florestas plantadas,158,1873,1617,1496,121,57,1560,1561.75,1442.34,119.41,54.53,1507.22,34228.524,31510.249,2718.275,3415.621,30812.903,1.689284,1.683877,1.754603,4.827922,1.575731,1685.9058009383,1680.50896993241,1751.09351748662,4818.26658578905,1572.57952236058
02.2,Produção florestal - florestas nativas,212,1764,1466,1365,101,47,1419,1242.58,1140.17,102.41,43.62,1198.96,25548.229,23150.31,2397.919,2170.463,23377.766,1.584757,1.564996,1.804755,3.835243,1.50288,1581.58700817282,1561.86628039948,1801.14547107028,3827.57203823229,1499.87463494003
02.3,Atividades de apoio à produção florestal,128,2432,2278,2145,133,52,2226,1713.79,1610.18,103.61,38.1,1675.69,31011.823,28340.809,2671.014,1362.98,29648.843,1.394748,1.356638,1.987012,2.757342,1.363767,1391.95866830466,1353.92454928594,1983.03846525061,2751.82717544922,1361.03947076681
03,Pesca e aquicultura,141,892,696,611,85,12,684,916.59,824.93,91.66,11.91,904.68,18894.106,17245.938,1648.168,373.958,18520.148,1.58883,1.611372,1.385951,2.420122,1.577886,1585.65200278289,1608.14931616575,1383.17863676799,2415.28127623845,1574.73003628992
03.1,Pesca,67,566,486,448,38,3,483,699.18,653.31,45.87,3.67,695.51,14371.77,13611.667,760.103,128.047,14243.723,1.584336,1.605899,1.277232,2.689239,1.578506,1581.1676095294,1602.68679140425,1274.67760057688,2683.86082582268,1575.34902445687
03.2,Aquicultura,74,326,210,163,47,9,201,217.41,171.62,45.79,8.24,209.17,4522.336,3634.271,888.065,245.911,4276.425,1.60328,1.632208,1.494859,2.30026,1.575823,1600.07359367094,1628.94364113919,1491.86923580896,2295.65907393577,1572.67184218946
B,Indústrias extrativas,564,,,,,,,,,,,,,,,,,,,,,,,,,,
05,Extração de carvão mineral,1,,,,,,,,,,,,,,,,,,,,,,,,,,
05.0,Extração de carvão mineral,1,,,,,,,,,,,,,,,,,,,,,,,,,,
06,Extração de petróleo e gás natural,,,,,,,,,,,,,,,,,,,,,,,,,,,
06.0,Extração de petróleo e gás natural,,,,,,,,,,,,,,,,,,,,,,,,,,,
07,Extração de minerais metálicos,172,4950,4614,4105,509,654,3960,4507.59,3977.76,529.83,646.69,3860.9,301821.642,272836.23,28985.412,111190.215,190631.427,5.160979,5.28676,4.216664,13.252461,3.805678,5150.65686644424,5276.18617203962,4208.23108718471,13225.9559627309,3798.06675207255
07.1,Extração de minério de ferro,14,67,19,14,5,4,15,16.5,12.01,4.49,2.73,13.77,454.43,343.976,110.454,85.929,368.501,2.1228,2.207554,1.8961,2.426069,2.062675,2118.55477855478,2203.13841029911,1892.30769230769,2421.21724429417,2058.54980168706
07.2,Extração de minerais metálicos não-ferrosos,158,4883,4595,4091,504,650,3945,4491.09,3965.75,525.34,643.96,3847.13,301367.212,272492.254,28874.958,111104.286,190262.926,5.172141,5.296085,4.236498,13.298358,3.811917,5161.79663083332,5285.49268496113,4228.02492744625,13271.7615045368,3804.29299043903
08,Extração de minerais não-metálicos,362,2995,2520,2217,303,112,2408,2652.75,2340.67,312.08,112.92,2539.83,70615.896,62621.293,7994.603,7332.058,63283.838,2.051787,2.062092,1.9745,5.004735,1.9205,2047.68334746961,2057.96739329403,1970.55069705993,4994.72601433282,1916.65880726723
08.1,"Extração de pedra, areia e argila",333,2634,2192,1933,259,68,2124,2327.79,2059.52,268.27,70.95,2256.84,59331.869,52709.156,6622.713,3737.189,55594.68,1.964583,1.972632,1.902786,4.059932,1.89871,1960.65363416671,1968.68710259597,1898.98036134663,4051.81221878896,1894.91228715985
08.9,Extração de outros minerais não-metálicos,29,361,328,284,44,44,284,324.96,281.15,43.81,41.97,282.99,11284.027,9912.137,1371.89,3594.869,7689.158,2.676457,2.717411,2.413638,6.601919,2.094275,2671.10437260917,2711.97608722418,2408.81077379594,6588.71538278257,2090.08690168448
09,Atividades de apoio à extração de minerais,29,,,,,,,,,,,,,,,,,,,,,,,,,,
09.1,Atividades de apoio à extração de petróleo e gás natural,1,,,,,,,,,,,,,,,,,,,,,,,,,,
09.9,"Atividades de apoio à extração de minerais, exceto petróleo e gás natural",28,196,172,147,25,5,167,152.29,125.9,26.39,4.03,148.26,4164.096,3562.437,601.659,182.176,3981.92,2.107538,2.180959,1.757264,3.484273,2.070116,2103.32311329094,2176.59742164111,1753.74996356429,3477.30482916587,2065.97557305773
C,Indústrias de transformação,11442,248376,233706,172842,60864,23448,210258,234848.09,173342.37,61505.72,23582.2,211265.89,8027560.034,6161433.592,1866126.442,2662751.782,5364808.252,2.634648,2.739701,2.338577,8.70307,1.957271,2629.37892320095,2734.2214725335,2333.89980389066,8685.66376987076,1953.35630302721
10,Fabricação de produtos alimentícios,2646,68459,64921,47750,17171,2535,62386,64816.48,47766.37,17050.11,2456.12,62360.36,1359475.579,1029059.497,330416.082,127556.057,1231919.522,1.616635,1.660521,1.493689,4.002926,1.522649,1613.40209370305,1657.19988448261,1490.70133226752,3994.92060022124,1519.60380206025
10.1,Abate e fabricação de produtos de carne,311,29200,28792,21380,7412,902,27890,27014.34,19836.81,7177.53,798.01,26216.33,584439.2,435615.116,148824.084,41206.762,543232.438,1.66752,1.692611,1.598175,3.980029,1.597129,1664.18507868271,1689.2259933388,1594.97855969093,3972.06917592126,1593.93441474778
10.2,Preservação do pescado e fabricação de produtos do pescado,75,2351,2242,1464,778,70,2172,2457.92,1587.5,870.42,61.7,2396.22,41459.549,28931.126,12528.423,2215.732,39243.817,1.300118,1.404681,1.109414,2.76795,1.262323,1297.51825808939,1401.87164142944,1107.19520019513,2762.41366413165,1259.79883059408
10.3,"Fabricação de conservas de frutas, legumes e outros vegetais",373,8958,8393,6547,1846,360,8033,8318.58,6311.96,2006.62,345.44,7973.14,180030.756,143120.35,36910.406,16346.005,163684.751,1.668106,1.747685,1.417783,3.647246,1.582359,1664.769671303,1744.19002850267,1414.94752369656,3639.95194534507,1579.19398032741
10.4,Fabricação de óleos e gorduras vegetais e animais,35,5269,5212,4667,545,315,4897,6119,5587.65,531.35,359.78,5759.22,111506.589,96379.888,15126.701,19855.887,91650.702,1.404579,1.329485,2.194268,4.253813,1.226587,1401.76988447082,1326.82568494117,2189.87933493062,4245.30525064463,1224.13347640826
10.5,Laticínios,381,5689,5168,3782,1386,223,4945,5444.89,4001.29,1443.6,229.42,5215.47,118686.346,89650.211,29036.135,11324.003,107362.343,1.68011,1.726941,1.550308,3.804476,1.586663,1676.74992939746,1723.48669477171,1547.20756868512,3796.86668052547,1583.48945909588
10.6,"Moagem, fabricação de produtos amiláceos e de alimentos para animais",285,4390,3984,3202,782,266,3718,4198.56,3362.78,835.78,267.14,3931.42,103180.495,84328.44,18852.055,14607.81,88572.685,1.894189,1.932866,1.738573,4.214755,1.736507,1890.40079309243,1929.00013587659,1735.09545206044,4206.3251190675,1733.03372866253
10.7,Fabricação e refino de açúcar,2,,,,,,,,,,,,,,,,,,,,,,,,,,
10.8,Torrefação e moagem de café,80,,,,,,,,,,,,,,,,,,,,,,,,,,
10.9,Fabricação de outros produtos alimentícios,1104,11418,10055,5855,4200,342,9713,9697.46,5809.31,3888.15,318.84,9378.62,166137.993,103891.763,62246.23,11818.937,154319.056,1.320496,1.378424,1.233946,2.857141,1.268255,1317.85494504588,1375.66665867772,1231.47809072735,2851.42704804918,1265.71890271539
11,Fabricação de bebidas,169,8919,8703,6953,1750,1410,7293,8928.84,7161.57,1767.27,1468.65,7460.19,392467.251,287813.143,104654.108,205041.698,187425.553,3.38793,3.097622,4.564356,10.760934,1.936444,3381.15461117699,3091.42723431615,4555.22698851902,10739.412595031,1932.57145337709
11.1,Fabricação de bebidas alcoólicas,45,678,621,533,88,70,551,650.45,564.09,86.36,72.21,578.24,28791.126,25454.331,3336.795,6243.849,22547.277,3.4117,3.478079,2.978126,6.664708,3.005468,3404.87662387578,3471.12244772724,2972.16927352407,6651.37899076412,2999.45683985356
11.2,Fabricação de bebidas não-alcoólicas,124,8241,8082,6420,1662,1340,6742,8278.39,6597.48,1680.91,1396.44,6881.95,363676.125,262358.812,101317.313,198797.849,164878.276,3.386063,3.065093,4.645851,10.972751,1.846622,3379.2907242183,3058.96297933803,4636.55963825455,10950.8050691539,1842.92886575641
12,Fabricação de produtos do fumo,,,,,,,,,,,,,,,,,,,,,,,,,,,
12.1,Processamento industrial do fumo,,,,,,,,,,,,,,,,,,,,,,,,,,,
12.2,Fabricação de produtos do fumo,,,,,,,,,,,,,,,,,,,,,,,,,,,
13,Fabricação de produtos têxteis,106,,,,,,,,,,,,,,,,,,,,,,,,,,
13.1,Preparação e fiação de fibras têxteis,5,,,,,,,,,,,,,,,,,,,,,,,,,,
13.2,"Tecelagem, exceto malha",8,2101,2089,1406,683,35,2054,2321.28,1539.52,781.76,36.26,2285.02,32007.88,21795.767,10212.113,1847.927,30159.953,1.06281,1.091222,1.006858,3.928105,1.017342,1060.68402578948,1089.03909110532,1004.84439450235,3920.24905596334,1015.30681771511
13.3,Fabricação de tecidos de malha,2,,,,,,,,,,,,,,,,,,,,,,,,,,
13.4,"Acabamentos em fios, tecidos e artefatos têxteis",29,,,,,,,,,,,,,,,,,,,,,,,,,,
13.5,"Fabricação de artefatos têxteis, exceto vestuário",62,376,307,172,135,17,290,287.29,152.98,134.31,13.14,274.15,4524.815,2374.956,2149.859,330.926,4193.889,1.213966,1.196595,1.233752,1.941161,1.179111,1211.5377921532,1194.20135362089,1231.28411310229,1937.27900714202,1176.75304086758
14,Confecção de artigos do vestuário e acessórios,578,4280,3562,917,2645,100,3462,3661.97,940.16,2721.81,112.99,3548.98,54239.761,14818.486,39421.275,2261.244,51978.517,1.14164,1.214865,1.116346,1.54253,1.128877,1139.35649600961,1212.43569016076,1114.11368509586,1539.44460707891,1126.61876413461
14.1,Confecção de artigos do vestuário e acessórios,529,4020,3353,840,2513,89,3264,3461.81,865.56,2596.25,102.64,3359.17,51399.712,13716.739,37682.973,2105.492,49294.22,1.144415,1.221462,1.118729,1.581114,1.131072,1142.12622876472,1219.01863444564,1116.49118180808,1577.95131602614,1128.80952048365
14.2,Fabricação de artigos de malharia e tricotagem,49,260,209,77,132,11,198,200.16,74.6,125.56,10.35,189.81,2840.049,1101.747,1738.302,155.752,2684.297,1.093641,1.138333,1.067087,1.159897,1.090028,1091.45337576093,1136.05588781192,1064.9533168329,1157.57710888146,1087.84776679514
15,"Preparação de couros e fabricação de artefatos de couro, artigos para viagem e calçados",63,1434,1367,1110,257,34,1333,1454.24,1176.18,278.06,36.21,1418.03,32538.36,27491.907,5046.453,1913.467,30624.893,1.724589,1.801595,1.398859,4.073039,1.664621,1721.14009326574,1797.99186937635,1396.06089443894,4064.89282603616,1661.29136901194
15.1,Curtimento e outras preparações de couro,19,1159,1142,988,154,30,1112,1217.71,1048.34,169.37,31.49,1186.22,28864.47,25359.864,3504.606,1856.579,27007.891,1.827031,1.864536,1.594883,4.544299,1.754897,1823.37653969652,1860.8073423038,1591.69319786903,4535.21020104062,1751.3868227842
15.2,Fabricação de artigos para viagem e de artefatos diversos de couro,24,,,,,,,,,,,,,,,,,,,,,,,,,,
15.3,Fabricação de calçados,19,,,,,,,,,,,,,,,,,,,,,,,,,,
15.4,"Fabricação de partes para calçados, de qualquer material",1,,,,,,,,,,,,,,,,,,,,,,,,,,
16,Fabricação de produtos de madeira,1431,19173,17276,15197,2079,457,16819,17968.05,15779.32,2188.73,468.94,17499.11,350320.094,310305.764,40014.33,22750.226,327569.868,1.502762,1.51575,1.409125,3.739336,1.442826,1499.75648656708,1512.71880878556,1406.30657258565,3731.85777416169,1439.94078292245
16.1,Desdobramento de madeira,1056,13093,11706,10623,1083,303,11403,11751.52,10675.58,1075.94,304.06,11447.46,237391.003,215352.295,22038.708,15347.051,222043.952,1.557028,1.554834,1.578789,3.890378,1.495051,1553.91356902047,1551.72469822212,1575.63175527374,3882.59680528641,1492.06059684856
16.2,"Fabricação de produtos de madeira, cortiça e material trançado, exceto móveis",375,6080,5570,4574,996,154,5416,6216.53,5103.74,1112.79,164.88,6051.65,112929.091,94953.469,17975.622,7403.175,105525.916,1.40018,1.433998,1.245079,3.460797,1.344038,1397.37975266687,1431.12952462312,1242.58858710642,3453.87554585153,1341.34957471866
17,"Fabricação de celulose, papel e produtos de papel",91,4724,4617,3570,1047,472,4145,3822.58,2966.73,855.85,418.47,3404.11,183283.524,153010.08,30273.444,42215.639,141067.885,3.695668,3.975284,2.726404,7.775622,3.194116,3688.27666533718,3967.33310879189,2720.95164051932,7760.07084415572,3187.72770833809
17.1,Fabricação de celulose e outras pastas para a fabricação de papel,2,,,,,,,,,,,,,,,,,,,,,,,,,,
17.2,"Fabricação de papel, cartolina e papel-cartão",2,,,,,,,,,,,,,,,,,,,,,,,,,,
17.3,"Fabricação de embalagens de papel, cartolina, papel-cartão e papelão ondulado",33,1856,1823,1395,428,162,1661,1847.08,1417.42,429.66,160.04,1687.04,44850.265,35380.211,9470.054,8372.56,36477.705,1.871567,1.923924,1.698845,4.032328,1.666588,1867.82401661833,1920.0764010016,1695.44684705975,4024.26316497799,1663.25475844811
17.4,"Fabricação de produtos diversos de papel, cartolina, papel-cartão e papelão ondulado",54,2161,2089,1559,530,189,1900,1162.3,843.99,318.31,111.42,1050.88,71796.096,58054.433,13741.663,14792.681,57003.415,4.761115,5.30181,3.327477,10.233162,4.180939,4751.59306150272,5291.20678608113,3320.82246866262,10212.6955525178,4172.57734177363
18,Impressão e reprodução de gravações,764,4065,3134,2186,948,323,2811,3218.41,2220.7,997.71,338.59,2879.82,84309.569,58658.028,25651.541,26515.366,57794.203,2.019118,2.035934,1.981688,6.036005,1.546839,2015.07932846917,2031.86202548746,1977.72445053018,6023.93318899418,1543.74506846849
18.1,Atividade de impressão,580,,,,,,,,,,,,,,,,,,,,,,,,,,
18.2,Serviços de pré-impressão e acabamentos gráficos,172,,,,,,,,,,,,,,,,,,,,,,,,,,
18.3,Reprodução de materiais gravados em qualquer suporte,12,,,,,,,,,,,,,,,,,,,,,,,,,,
19,"Fabricação de coque, de produtos derivados do petróleo e de biocombustíveis",25,2627,2605,2287,318,222,2383,2565.07,2254.04,311.03,227.02,2338.05,84987.105,75571.791,9415.314,18238.696,66748.409,2.553759,2.584189,2.333236,6.192354,2.200459,2548.65154377253,2579.02020031042,2328.56934404052,6179.96923347994,2196.05782596608
19.1,Coquerias,,,,,,,,,,,,,,,,,,,,,,,,,,,
19.2,Fabricação de produtos derivados do petróleo,5,167,163,118,45,36,127,163.59,120.16,43.43,34.28,129.31,6353.821,4563.036,1790.785,2069.589,4284.232,2.993673,2.926982,3.178189,4.653389,2.553683,2987.68544249931,2921.12823927072,3171.83265732656,4644.08266762409,2548.57557568871
19.3,Fabricação de biocombustíveis,20,2460,2442,2169,273,186,2256,2401.48,2133.88,267.6,192.74,2208.74,78633.284,71008.755,7624.529,16169.107,62464.177,2.523792,2.564886,2.196105,6.466068,2.179779,2518.7443384272,2559.75590149255,2191.71237208233,6453.13614993495,2175.41978336413
20,Fabricação de produtos químicos,202,7797,7518,5694,1824,1948,5570,7807.91,5914.68,1893.23,2095.52,5712.39,549438.138,409809.276,139628.862,292766.61,256671.528,5.42388,5.340435,5.684574,10.768516,3.463267,5413.0327006646,5329.75418138233,5673.20488916175,10746.9785358949,3456.34028704407
20.1,Fabricação de produtos químicos inorgânicos,25,1530,1483,1236,247,415,1068,1502.95,1250.57,252.38,429.17,1073.78,93683.715,80610.198,13073.517,55113.837,38569.878,4.804472,4.968303,3.992672,9.898227,2.768593,4794.86317933705,4958.36655408211,3984.68640084854,9878.43027955571,2763.05546043667
20.2,Fabricação de produtos químicos orgânicos,5,,,,,,,,,,,,,,,,,,,,,,,,,,
20.3,Fabricação de resinas e elastômeros,6,,,,,,,,,,,,,,,,,,,,,,,,,,
20.4,Fabricação de fibras artificiais e sintéticas,,,,,,,,,,,,,,,,,,,,,,,,,,,
20.5,Fabricação de defensivos agrícolas e desinfestantes domissanitários,1,,,,,,,,,,,,,,,,,,,,,,,,,,
20.6,"Fabricação de sabões, detergentes, produtos de limpeza, cosméticos, produtos de perfumaria e de higiene pessoal",98,3343,3206,2116,1090,1021,2185,3331.46,2205.59,1125.87,1117.27,2214.19,275343.424,179531.555,95811.869,164110.343,111233.081,6.370393,6.273965,6.559295,11.321499,3.872088,6357.6520158175,6261.4174054945,6546.17652946679,11298.8557273189,3864.34355053263
20.7,"Fabricação de tintas, vernizes, esmaltes, lacas e produtos afins",28,440,407,340,67,33,374,407.55,335.06,72.49,28.73,378.82,9979.093,7369.995,2609.098,1022.347,8956.746,1.88728,1.695394,2.774204,2.742766,1.822399,1883.50518577239,1692.0034987993,2768.65562358734,2737.28078395673,1818.75418810639
20.9,Fabricação de produtos e preparados químicos diversos,39,1292,1258,1059,199,253,1005,1289.31,1098.59,190.72,263.51,1025.8,82683.754,68593.961,14089.793,37327.179,45356.575,4.942981,4.812562,5.694223,10.918279,3.408032,4933.09504248844,4802.93698145945,5682.83468314404,10896.4421142972,3401.21593652984
21,Fabricação de produtos farmoquímicos e farmacêuticos,20,,,,,,,,,,,,,,,,,,,,,,,,,,
21.1,Fabricação de produtos farmoquímicos,6,17,9,4,5,1,8,16.33,8.12,8.21,1,15.33,218.353,108.442,109.911,39.854,178.499,1.030621,1.029361,1.031868,3.071836,0.89747,1028.55998869471,1027.30200833649,1029.80417876886,3065.69230769231,895.674644989714
21.2,Fabricação de produtos farmacêuticos,14,,,,,,,,,,,,,,,,,,,,,,,,,,
22,Fabricação de produtos de borracha e de material plástico,357,10802,10366,8090,2276,844,9522,10715.53,8353.81,2361.72,861.34,9854.19,318678.614,256145.936,62532.678,59630.706,259047.908,2.292268,2.363355,2.04082,5.336069,2.026214,2287.68334729701,2358.62840290377,2036.73847873584,5325.39692179091,2022.16135002939
22.1,Fabricação de produtos de borracha,120,2125,1972,1649,323,107,1865,2095.92,1761.1,334.82,110.43,1985.49,56353.705,47921.894,8431.811,6915.92,49437.785,2.072401,2.097375,1.941045,4.82713,1.919188,2068.25660550755,2093.18013654054,1937.1627924074,4817.47574168112,1915.34912714823
22.2,Fabricação de produtos de material plástico,237,8677,8394,6441,1953,737,7657,8619.61,6592.71,2026.9,750.91,7868.7,262324.909,208224.042,54100.867,52714.786,209610.123,2.34573,2.434406,2.057302,5.410914,2.053219,2341.03853351209,2429.53717060207,2053.18720896253,5400.09260558727,2049.11301935321
23,Fabricação de produtos de minerais não-metálicos,1228,15360,13751,12534,1217,606,13145,13984.75,12722.59,1262.16,640.69,13344.06,302451.896,268091.06,34360.836,48442.379,254009.517,1.66697,1.624175,2.098338,5.827786,1.467196,1663.63577908353,1620.92696776122,2094.14117922389,5816.13080609007,1464.26152275879
23.1,Fabricação de vidro e de produtos do vidro,26,892,854,689,165,41,813,863.41,700.37,163.04,39.04,824.37,21988.613,17749.352,4239.261,1559.31,20429.303,1.962939,1.953355,2.004112,3.078568,1.910106,1959.01341104547,1949.44781933945,2000.10426889107,3072.41093947037,1906.28582572613
23.2,Fabricação de cimento,4,575,575,492,83,117,458,717.37,612.41,104.96,142.81,574.56,24006.078,20009.921,3996.157,11882.126,12123.952,2.579313,2.518426,2.934572,6.413006,1.626428,2574.15473830155,2513.38922014287,2928.70324226079,6400.17990552267,1623.17546001757
23.3,"Fabricação de artefatos de concreto, cimento, fibrocimento, gesso e materiais semelhantes",459,4106,3500,3201,299,118,3382,3481.1,3188.43,292.67,123.65,3357.45,73293.612,66270.195,7023.417,5904.743,67388.869,1.62284,1.602018,1.849679,3.680722,1.547051,1619.59442528113,1598.81424641354,1845.97958845746,3673.36029114436,1543.95721569827
23.4,Fabricação de produtos cerâmicos,543,7802,7081,6660,421,84,6997,7217.99,6763.33,454.66,77.84,7140.15,112830.435,104747.692,8082.743,2165.51,110664.925,1.204859,1.193741,1.370245,2.14429,1.194617,1202.44891316963,1191.35318980898,1367.50420432513,2140.0011858645,1192.22796978516
23.9,Aparelhamento de pedras e fabricação de outros produtos de minerais não-metálicos,196,1985,1741,1492,249,246,1495,1704.88,1458.05,246.83,257.35,1447.53,70333.158,59313.9,11019.258,26930.69,43402.468,3.179746,3.135524,3.440967,8.065837,2.311069,3173.38635157719,3129.25324392695,3434.08512242933,8049.70483179148,2306.44710963875
24,Metalurgia,75,8091,7997,7072,925,1244,6753,7748.63,6830.47,918.16,1220.47,6528.16,479592.896,429118.635,50474.261,191772.323,287820.573,4.77061,4.842313,4.237188,12.111137,3.398264,4761.06888969653,4832.62876042655,4228.71336318121,12086.9150031104,3391.46774541725
24.1,Produção de ferro-gusa e de ferroligas,12,358,329,312,17,14,315,248.64,233.81,14.83,12.41,236.23,5911.296,5345.199,566.097,849.807,5061.489,1.832474,1.762085,2.942225,5.278064,1.651465,1828.80902880903,1758.56102752728,2936.3400591317,5267.50759313209,1648.1619933637
24.2,Siderurgia,9,1444,1433,1280,153,182,1251,1344.61,1197.35,147.26,173.02,1171.59,66275.779,59555.264,6720.515,17018.608,49257.171,3.799134,3.833762,3.517579,7.581477,3.240559,3791.53572125289,3826.0944200494,3510.54388365946,7566.31425446591,3234.07775232475
24.3,"Produção de tubos de aço, exceto tubos sem costura",6,539,533,458,75,60,473,512.37,434.62,77.75,60.39,451.98,10004.025,8390.455,1613.57,2197.216,7806.809,1.504933,1.487997,1.599608,2.80436,1.331314,1501.923189522,1485.0205130565,1596.4086074697,2798.75170366974,1328.65119967868
24.4,Metalurgia dos metais não-ferrosos,27,5619,5598,4937,661,984,4614,5539.09,4879.1,659.99,971.48,4567.61,395033.106,353959.621,41073.485,171577.129,223455.977,5.496942,5.591652,4.796786,13.612931,3.770762,5485.94841390914,5580.46835560783,4787.19199708154,13585.7049988756,3763.22000076458
24.5,Fundição,21,131,104,85,19,4,100,103.92,85.59,18.33,3.17,100.75,2368.69,1868.096,500.594,129.563,2239.127,1.756852,1.682295,2.104986,3.15027,1.71301,1753.33836679102,1678.93086000342,2100.77636493348,3143.96991021597,1709.58350830311
25,"Fabricação de produtos de metal, exceto máquinas e equipamentos",920,10320,9128,7936,1192,805,8323,9168.38,7962.6,1205.78,799.64,8368.74,321250.082,275455.01,45795.072,81423.646,239826.436,2.700703,2.666379,2.927364,7.848418,2.208834,2695.30110763633,2661.04625663438,2921.50960055221,7832.72145542417,2204.41636191534
25.1,Fabricação de estruturas metálicas e obras de caldeiraria pesada,351,2896,2447,2224,223,103,2344,2485.75,2247.37,238.38,106.9,2378.85,51840.234,42987.796,8852.438,3749.734,48090.5,1.607443,1.474337,2.862327,2.70364,1.558183,1604.22822395346,1471.38812855095,2856.60193485514,2698.23271209614,1555.06620037801
25.2,"Fabricação de tanques, reservatórios metálicos e caldeiras",15,,,,,,,,,,,,,,,,,,,,,,,,,,
25.3,"Forjaria, estamparia, metalurgia do pó e serviços de tratamento de metais",280,2784,2405,2023,382,92,2313,2555.28,2162.44,392.84,90.83,2464.45,53115.307,45072.344,8042.963,3838.953,49276.354,1.602165,1.606542,1.578071,3.257689,1.541149,1598.96091471535,1603.32928757116,1574.9146256452,3251.17336698312,1538.06681784202
25.4,"Fabricação de artigos de cutelaria, de serralheria e ferramentas",132,,,,,,,,,,,,,,,,,,,,,,,,,,
25.5,"Fabricação de equipamento bélico pesado, armas de fogo e munições",,,,,,,,,,,,,,,,,,,,,,,,,,,
25.9,Fabricação de produtos de metal não especificados anteriormente,142,3364,3182,2738,444,545,2637,3073.06,2635.11,437.95,540.34,2532.72,181996.639,157016.731,24979.908,69362.39,112634.249,4.564765,4.592755,4.396352,9.894254,3.427752,4555.635575465,4583.56959554746,4387.55881862173,9874.46508039098,3420.89650652263
26,"Fabricação de equipamentos de informática, produtos eletrônicos e ópticos",118,27571,27442,13942,13500,5438,22004,28416.31,14329.99,14086.32,5388.73,23027.58,1315132.373,838478.815,476653.558,655901.47,659230.903,3.567204,4.509956,2.608143,9.38163,2.206558,3560.06915367645,4500.93617543455,2602.92669112247,9362.86643249323,2202.14496970756
26.1,Fabricação de componentes eletrônicos,28,3913,3889,1851,2038,489,3400,4181.62,1973.43,2208.19,507.92,3673.7,141875.412,83273.835,58601.577,48067.682,93807.73,2.615102,3.252467,2.045498,7.294306,1.968163,2609.87206651232,3245.96241842103,2041.40658882823,7279.71727831154,1964.22659192891
26.2,Fabricação de equipamentos de informática e periféricos,17,3340,3322,1766,1556,359,2963,3423.29,1789.33,1633.96,378.86,3044.43,118860.199,79758.266,39101.933,43974.031,74886.168,2.676202,3.435669,1.844518,8.946304,1.895927,2670.84945498898,3428.79805892107,1840.8290288624,8928.410941326,1892.1356252364
26.3,Fabricação de equipamentos de comunicação,15,11882,11871,5949,5922,2414,9457,12185.9,6048.56,6137.34,2327.04,9858.86,639216.608,398923.996,240292.612,320724.54,318492.068,4.043119,5.083517,3.017771,10.623178,2.489992,4035.03297316508,5073.3498933249,3011.73587856027,10601.931407083,2485.01245033948
26.4,"Fabricação de aparelhos de recepção, reprodução, gravação e amplificação de áudio e vídeo",31,5578,5530,3222,2308,1577,3953,5733.19,3357.73,2375.46,1600.06,4133.13,324177.003,225740.585,98436.418,201134.191,123042.812,4.358248,5.181911,3.193995,9.688928,2.29458,4349.53185546991,5171.54755880175,3187.60667569488,9669.55042070538,2289.99128803297
26.5,"Fabricação de aparelhos e instrumentos de medida, teste e controle; cronômetros e relógios",20,2780,2764,1128,1636,585,2179,2820.46,1131.64,1688.82,555.9,2264.56,88731.165,49683.432,39047.733,41060.416,47670.749,2.424836,3.383993,1.782127,5.693152,1.622536,2419.98618337762,3377.22461342694,1778.56240998494,5681.76567451257,1619.2905872698
26.6,Fabricação de aparelhos eletromédicos e eletroterapêuticos e equipamentos de irradiação,,,,,,,,,,,,,,,,,,,,,,,,,,,
26.7,"Fabricação de equipamentos e instrumentos ópticos, fotográficos e cinematográficos",6,,,,,,,,,,,,,,,,,,,,,,,,,,
26.8,"Fabricação de mídias virgens, magnéticas e ópticas",1,,,,,,,,,,,,,,,,,,,,,,,,,,
27,"Fabricação de máquinas, aparelhos e materiais elétricos",64,9975,9902,5827,4075,1041,8861,9559.43,5659.4,3900.03,1021.79,8537.64,344391.993,234208.615,110183.378,117085.815,227306.178,2.776816,3.189764,2.177581,8.832197,2.052105,2771.26269759084,3183.3846887819,2173.22545250638,8814.53249087009,2048.00045626012
27.1,"Fabricação de geradores, transformadores e motores elétricos",14,2088,2077,1117,960,221,1856,2224.6,1147.21,1077.39,224.86,1999.74,65813.65,40616.354,25197.296,17075.972,48737.678,2.28029,2.728878,1.802632,5.85328,1.878527,2275.7297768311,2723.42023088791,1799.02685050125,5841.57390239397,1874.76979699669
27.2,"Fabricação de pilhas, baterias e acumuladores elétricos",8,1541,1534,726,808,108,1426,1132.43,538.46,593.97,103.48,1028.95,37833.56,22574.67,15258.89,12234.325,25599.235,2.575087,3.231425,1.980088,9.112755,1.917604,2569.93707880738,3224.9620713202,1976.12803547447,9094.52960066605,1913.76832992558
27.3,Fabricação de equipamentos para distribuição e controle de energia elétrica,23,2387,2350,1403,947,67,2283,2170.65,1279.08,891.57,69.8,2100.85,50004.113,30498.914,19505.199,4496.329,45507.784,1.775587,1.837861,1.686246,4.965109,1.669617,1772.03613238856,1834.18574889163,1682.87394492516,4955.17853206965,1666.27734927804
27.4,Fabricação de lâmpadas e outros equipamentos de iluminação,5,25,18,11,7,1,17,28.87,17.36,11.51,1.72,27.15,440.501,407.37,33.131,33.132,407.369,1.176051,1.808695,0.221863,1.484723,1.156496,1173.69907543098,1805.0779865296,221.419501436878,1481.75313059034,1154.18331208386
27.5,Fabricação de eletrodomésticos,10,3916,3910,2561,1349,644,3266,3990.04,2668.45,1321.59,621.93,3368.11,190068.612,139938.854,50129.758,83246.057,106822.555,3.671633,4.042084,2.923647,10.316877,2.444572,3664.28969672947,4033.99997405581,2917.79994610222,10296.2437029149,2439.68267526435
27.9,Fabricação de equipamentos e aparelhos elétricos não especificados anteriormente,4,18,13,9,4,,13,12.84,8.84,4,,12.84,231.557,172.453,59.104,,231.557,1.390013,1.503643,1.138893,,1.390013,1387.23340522406,1500.635224504,1136.61538461538,,1387.23340522406
28,Fabricação de máquinas e equipamentos,107,3390,3267,2513,754,409,2858,3392.15,2593.61,798.54,467.03,2925.12,132668.254,100574.677,32093.577,47428.224,85240.03,3.014519,2.988891,3.097758,7.827412,2.246084,3008.49028129425,2982.9132426944,3091.56296780085,7811.75710998635,2241.59192943038
28.1,"Fabricação de motores, bombas, compressores e equipamentos de transmissão",15,231,218,154,64,30,188,246.92,176.98,69.94,35.07,211.85,10441.538,8156.247,2285.291,2851.898,7589.64,3.259375,3.552158,2.5185,6.267933,2.761333,3252.85611035652,3545.05376531029,2513.46318822727,6255.39689851067,2755.81053357782
28.2,Fabricação de máquinas e equipamentos de uso geral,50,2944,2882,2208,674,363,2519,2969.1,2257.73,711.37,415.37,2553.73,111741.237,83423.84,28317.397,41621.857,70119.38,2.90078,2.848028,3.068202,7.723469,2.116358,2894.9781985217,2842.33210416589,3062.06518083741,7708.02250449553,2112.12558161531
28.3,Fabricação de tratores e de máquinas e equipamentos para a agricultura e pecuária,10,56,44,38,6,2,42,51.38,45.45,5.93,1.75,49.63,1191.396,1056.885,134.511,83.079,1108.317,1.787262,1.792338,1.748353,3.659142,1.721257,1783.68715752912,1788.75349073369,1744.85666104553,3651.82417582418,1717.81490723663
28.4,Fabricação de máquinas-ferramenta,11,51,39,35,4,2,37,39.4,35.53,3.87,2.19,37.21,1046.621,924.875,121.746,79.48,967.141,2.047478,2.006383,2.424766,2.797305,2.003347,2043.3834439672,2002.37069432116,2419.91651759094,2791.71057253249,1999.34054121101
28.5,Fabricação de máquinas e equipamentos de uso na extração mineral e na construção,3,56,54,49,5,11,43,52.27,47.27,5,11.07,41.2,7473.334,6282.249,1191.085,2707.36,4765.974,11.020163,10.243672,18.361107,18.85057,8.916216,10998.1221762741,10223.1843257229,18324.3846153846,18812.8691543326,8898.38312173264
28.6,Fabricação de máquinas e equipamentos de uso industrial específico,18,52,30,29,1,1,29,33.08,30.65,2.43,1.58,31.5,774.128,730.581,43.547,84.55,689.578,1.803738,1.837232,1.381268,4.124608,1.687326,1800.13022044461,1833.55753544987,1378.50585628363,4116.35832521908,1683.95115995116
29,"Fabricação de veículos automotores, reboques e carrocerias",253,5542,5195,3893,1302,534,4661,5149.55,3829.27,1320.28,545.7,4603.85,177666.113,141770.143,35895.97,50524.73,127141.383,2.659264,2.853612,2.095587,7.13635,2.128589,2653.94531112875,2847.9045915761,2091.39611411099,7122.07750102198,2124.33210999824
29.1,"Fabricação de automóveis, camionetas e utilitários",1,,,,,,,,,,,,,,,,,,,,,,,,,,
29.2,Fabricação de caminhões e ônibus,,,,,,,,,,,,,,,,,,,,,,,,,,,
29.3,"Fabricação de cabines, carrocerias e reboques para veículos automotores",91,918,803,715,88,38,765,769.92,675.13,94.79,44.64,725.28,15619.62,14158.421,1461.199,1354.171,14265.449,1.563691,1.616417,1.188155,2.338166,1.516023,1560.56373489354,1613.18458325405,1185.77827911091,2333.49014336918,1512.99116309457
29.4,Fabricação de peças e acessórios para veículos automotores,30,,,,,,,,,,,,,,,,,,,,,,,,,,
29.5,Recondicionamento e recuperação de motores para veículos automotores,131,,,,,,,,,,,,,,,,,,,,,,,,,,
30,"Fabricação de outros equipamentos de transporte, exceto veículos automotores",131,16074,15913,13371,2542,3441,12472,15604.49,13050.31,2554.18,3463.4,12141.09,1060679.184,907094.438,153584.746,533127.562,527551.622,5.239147,5.357446,4.634711,11.864641,3.349141,5228.66857305419,5346.73086162468,4625.44191512314,11840.9113765486,3342.44240014694
30.1,Construção de embarcações,93,1739,1616,1493,123,82,1534,1502.23,1380.6,121.63,86.16,1416.07,45046.148,40683.233,4362.915,6492.729,38553.419,2.311252,2.271296,2.76479,5.808282,2.098477,2306.6296823338,2266.75319537771,2759.2604304353,5796.66541675595,2094.28037836026
30.3,Fabricação de veículos ferroviários,,,,,,,,,,,,,,,,,,,,,,,,,,,
30.4,Fabricação de aeronaves,,,,,,,,,,,,,,,,,,,,,,,,,,,
30.5,Fabricação de veículos militares de combate,,,,,,,,,,,,,,,,,,,,,,,,,,,
30.9,Fabricação de equipamentos de transporte não especificados anteriormente,38,14335,14297,11878,2419,3359,10938,14102.26,11669.71,2432.55,3377.24,10725.02,1015633.036,866411.205,149221.831,526634.833,488998.203,5.551038,5.722557,4.728209,12.01915,3.514271,5539.93602116584,5711.11156740234,4718.75290728469,11995.1119166037,3507.24253983819
31,Fabricação de móveis,534,4627,3972,3037,935,174,3798,3865.15,2873.04,992.11,200.94,3664.21,84834.323,64749.934,20084.389,8752.546,76081.777,1.691731,1.737096,1.56036,3.357331,1.600392,1688.34771065706,1733.62158335636,1557.23962060659,3350.61595118328,1597.19131398457
31.0,Fabricação de móveis,534,4627,3972,3037,935,174,3798,3865.15,2873.04,992.11,200.94,3664.21,84834.323,64749.934,20084.389,8752.546,76081.777,1.691731,1.737096,1.56036,3.357331,1.600392,1688.34771065706,1733.62158335636,1557.23962060659,3350.61595118328,1597.19131398457
32,Fabricação de produtos diversos,427,5467,4948,2816,2132,787,4161,4811.04,2764.44,2046.6,773.11,4037.93,218589.169,142840.226,75748.943,97229.589,121359.58,3.501997,3.982625,2.852789,9.693559,2.316548,3494.9930704252,3974.66021773223,2847.08383134504,9674.17205035008,2311.91533971424
32.1,"Fabricação de artigos de joalheria, bijuteria e semelhantes",40,877,832,346,486,68,764,695.71,280.63,415.08,61.67,634.04,30564.899,13745.888,16819.011,8848.819,21716.08,3.386264,3.775416,3.123164,11.05955,2.639921,3379.49156534055,3767.86516053166,3116.91740609781,11037.431240723,2634.64086226057
32.2,Fabricação de instrumentos musicais,,,,,,,,,,,,,,,,,,,,,,,,,,,
32.3,Fabricação de artefatos para pesca e esporte,11,,,,,,,,,,,,,,,,,,,,,,,,,,
32.4,Fabricação de brinquedos e jogos recreativos,16,,,,,,,,,,,,,,,,,,,,,,,,,,
32.5,Fabricação de instrumentos e materiais para uso médico e odontológico e de artigos ópticos,118,1492,1364,739,625,141,1223,1386.06,749.39,636.67,140.85,1245.21,45147.2,27770.806,17376.394,13308.068,31839.132,2.510585,2.856319,2.10364,7.282563,1.97081,2505.56363971368,2850.60628798602,2099.43250397803,7267.99814314191,1966.8682390922
32.9,Fabricação de produtos diversos,242,2525,2208,1346,862,475,1733,2217.89,1361.53,856.36,474.3,1743.59,121042.386,85009.346,36033.04,66659.45,54382.936,4.206526,4.812443,3.243177,10.83265,2.404055,4198.11296738376,4802.81775762448,3236.69053633087,10810.9846088973,2399.24682364017
33,"Manutenção, reparação e instalação de máquinas e equipamentos",1133,,,,,,,,,,,,,,,,,,,,,,,,,,
33.1,Manutenção e reparação de máquinas e equipamentos,936,,,,,,,,,,,,,,,,,,,,,,,,,,
33.2,Instalação de máquinas e equipamentos,197,1353,1125,963,162,83,1042,1181.06,1032.4,148.66,82.9,1098.16,21334.545,18604.732,2729.813,2435.929,18898.616,1.392315,1.388998,1.415353,2.264833,1.326449,1389.53046090279,1386.21971209728,1412.52263813141,2260.30342395843,1323.79588794683
D,Eletricidade e gás,119,,,,,,,,,,,,,,,,,,,,,,,,,,
35,"Eletricidade, gás e outras utilidades",119,,,,,,,,,,,,,,,,,,,,,,,,,,
35.1,"Geração, transmissão e distribuição de energia elétrica",112,9102,8936,6878,2058,2586,6350,9324.62,7193.39,2131.23,2828.55,6496.07,768704.507,615236.655,153467.852,360923.902,407780.605,6.354105,6.592266,5.550258,9.83508,4.838402,6341.39685296311,6579.08114789571,5539.15784998118,9815.40968938964,4828.72549805557
35.2,Produção e distribuição de combustíveis gasosos por redes urbanas,6,,,,,,,,,,,,,,,,,,,,,,,,,,
35.3,"Produção e distribuição de vapor, água quente e ar condicionado",1,,,,,,,,,,,,,,,,,,,,,,,,,,
E,"Água, esgoto, atividades de gestão de resíduos e descontaminação",554,18021,17343,14363,2980,2037,15306,16923.04,14104.95,2818.09,2012.64,14910.4,611794.864,507969.078,103825.786,153671.422,458123.442,2.786465,2.775823,2.839726,5.88509,2.368205,2780.89181285486,2770.27174584373,2834.04679164857,5873.3199257615,2363.46877140994
36,"Captação, tratamento e distribuição de água",98,9609,9543,7834,1709,1740,7803,9435.59,7715.57,1720.02,1717.53,7718.06,420331.741,340834.4,79497.341,136293.458,284038.283,3.433596,3.404878,3.562421,6.116413,2.836579,3426.72910185307,3398.06790285498,3555.29591337489,6104.17992922753,2830.90552448513
36.0,"Captação, tratamento e distribuição de água",98,9609,9543,7834,1709,1740,7803,9435.59,7715.57,1720.02,1717.53,7718.06,420331.741,340834.4,79497.341,136293.458,284038.283,3.433596,3.404878,3.562421,6.116413,2.836579,3426.72910185307,3398.06790285498,3555.29591337489,6104.17992922753,2830.90552448513
37,Esgoto e atividades relacionadas,90,478,380,337,43,15,365,377.29,331.63,45.66,13.97,363.32,4881.046,4205.574,675.472,288.608,4592.438,0.997157,0.977457,1.140243,1.592348,0.974272,995.163075944438,975.501891589097,1137.96286936891,1589.1635923132,972.323190406423
37.0,Esgoto e atividades relacionadas,90,478,380,337,43,15,365,377.29,331.63,45.66,13.97,363.32,4881.046,4205.574,675.472,288.608,4592.438,0.997157,0.977457,1.140243,1.592348,0.974272,995.163075944438,975.501891589097,1137.96286936891,1589.1635923132,972.323190406423
38,"Coleta, tratamento e disposição de resíduos; recuperação de materiais",360,7895,7388,6171,1217,275,7113,7074.44,6031.69,1042.75,275.03,6799.41,186002.093,162509.301,23492.792,16972.269,169029.824,2.026525,2.07666,1.736523,4.756483,1.9161,2022.4715041321,2072.50628953717,1733.04996034893,4746.96998089719,1912.26799881845
38.1,Coleta de resíduos,204,,,,,,,,,,,,,,,,,,,,,,,,,,
38.2,Tratamento e disposição de resíduos,27,,,,,,,,,,,,,,,,,,,,,,,,,,
38.3,Recuperação de materiais,129,,,,,,,,,,,,,,,,,,,,,,,,,,
39,Descontaminação e outros serviços de gestão de resíduos,6,39,32,21,11,7,25,35.72,26.06,9.66,6.11,29.61,579.984,419.803,160.181,117.087,462.897,1.251499,1.241644,1.278086,1.477044,1.204958,1248.99646825739,1239.16110750339,1275.52954292085,1474.09039405766,1202.54851531447
39.0,Descontaminação e outros serviços de gestão de resíduos,6,39,32,21,11,7,25,35.72,26.06,9.66,6.11,29.61,579.984,419.803,160.181,117.087,462.897,1.251499,1.241644,1.278086,1.477044,1.204958,1248.99646825739,1239.16110750339,1275.52954292085,1474.09039405766,1202.54851531447
F,Construção,8691,94145,81944,73002,8942,3770,78174,85018.97,75754.34,9264.63,3897.02,81121.95,1936565.342,1717757.677,218807.665,199267.87,1737297.472,1.755668,1.747755,1.820374,3.941221,1.650676,1752.15678064826,1744.25921898438,1816.7329775883,3933.33821543325,1647.37493461293
41,Construção de edifícios,4472,39034,32324,28256,4068,1646,30678,33761.91,29553.9,4208.01,1704.37,32057.54,659086.401,555502.389,103584.012,79718.492,579367.909,1.504671,1.448763,1.897326,3.605133,1.392998,1501.66130776004,1445.86511424888,1893.53184119736,3597.92280567464,1390.21154557615
41.1,Incorporação de empreendimentos imobiliários,661,2708,1752,1449,303,144,1608,1798.65,1495.28,303.37,131.97,1666.68,39081.15,31333.893,7747.257,7066.452,32014.698,1.674738,1.615169,1.968346,4.127169,1.480551,1671.38815650199,1611.93854096789,1964.40928949417,4118.91513805585,1477.58962543684
41.2,Construção de edifícios,3811,36326,30572,26807,3765,1502,29070,31963.26,28058.62,3904.64,1572.4,30390.86,620005.251,524168.496,95836.755,72652.04,547353.211,1.495101,1.439895,1.891809,3.561319,1.388196,1492.11036719611,1437.01484743232,1888.02503609118,3554.19642682426,1385.419601612
42,Obras de infraestrutura,955,,,,,,,,,,,,,,,,,,,,,,,,,,
42.1,"Construção de rodovias, ferrovias, obras urbanas e obras-de-arte especiais",361,7371,6871,6150,721,382,6489,6795.98,6100.97,695.01,357.32,6438.66,166831.025,151131.21,15699.815,22817.826,144013.199,1.892129,1.909332,1.741124,4.922016,1.723983,1888.34513480481,1905.51300732633,1737.64129569801,4912.17223949229,1720.53476726763
42.2,"Obras de infraestrutura para energia elétrica, telecomunicações, água, esgoto e transporte por dutos",294,,,,,,,,,,,,,,,,,,,,,,,,,,
42.9,Construção de outras obras de infraestrutura,300,,,,,,,,,,,,,,,,,,,,,,,,,,
43,Serviços especializados para construção,3264,,,,,,,,,,,,,,,,,,,,,,,,,,
43.1,Demolição e preparação do terreno,646,7471,6620,6047,573,242,6378,6617.38,6060.53,556.85,250.7,6366.68,161359.807,146007.109,15352.698,13198.435,148161.372,1.87947,1.856904,2.125067,4.057833,1.793693,1875.71105878064,1853.19041023196,2120.81668174691,4049.71771347918,1790.10545769296
43.2,"Instalações elétricas, hidráulicas e outras instalações em construções",1373,12692,10962,9580,1382,532,10430,10560.34,9259.4,1300.94,490.32,10070.02,227842.686,201645.296,26197.39,22406.06,205436.626,1.662966,1.678539,1.552126,3.522184,1.572438,1659.63979015244,1675.18161170104,1549.02135852064,3515.13924972075,1569.29354505904
43.3,Obras de acabamento,371,,,,,,,,,,,,,,,,,,,,,,,,,,
43.9,Outros serviços especializados para construção,874,7206,6018,5439,579,209,5809,6462.83,5835.19,627.64,234.48,6228.35,139345.993,126377.558,12968.435,9726.366,129619.627,1.661873,1.669326,1.592587,3.197208,1.604072,1658.54935662265,1665.98698849303,1589.40144521847,3190.81371545548,1600.86387862942
G,Comércio; reparação de veículos automotores e motocicletas,81827,557675,453257,266734,186523,27604,425653,460081.69,271100.65,188981.04,28523.29,431558.4,9457079.382,5730300.462,3726778.92,1092394.675,8364684.707,1.584339,1.629195,1.519993,2.95193,1.49395,1581.17060639651,1625.93613564102,1516.95271408424,2946.02619877948,1490.96225482773
45,Comércio e reparação de veículos automotores e motocicletas,9261,64397,52222,38678,13544,3715,48507,52169.06,38830.25,13338.81,3646.73,48522.33,1310746.259,980920.223,329826.036,153561.429,1157184.83,1.936563,1.947106,1.905873,3.245672,1.838176,1932.69028247188,1943.21184564176,1902.06124372875,3239.18074970854,1834.50006816053
45.1,Comércio de veículos automotores,888,14422,13155,8565,4590,1856,11299,13763.06,8973.34,4789.72,1931.14,11831.92,473158.49,319955.16,153203.33,96937.483,376221.007,2.649828,2.748281,2.465382,3.869048,2.450834,2644.52868207193,2742.78422355727,2460.45103648262,3861.30962102098,2445.93248277021
45.2,Manutenção e reparação de veículos automotores,2408,10427,7528,6375,1153,224,7304,7654.37,6495.13,1159.24,227.95,7426.42,154129.359,132282.794,21846.565,5984.467,148144.892,1.552037,1.56979,1.452566,2.023541,1.537564,1548.93277153594,1566.65063493133,1449.66098478313,2019.49381612027,1534.48915131072
45.3,Comércio de peças e acessórios para veículos automotores,4330,27609,21665,17140,4525,931,20734,21932.86,17309.46,4623.4,931.59,21001.27,479441.568,387249.525,92192.043,30533.619,448907.949,1.68487,1.724382,1.536944,2.526269,1.647547,1681.50075345325,1720.93323535223,1533.87022870282,2521.21633237467,1644.2520234399
45.4,"Comércio, manutenção e reparação de motocicletas, peças e acessórios",1635,11939,9874,6598,3276,704,9170,8818.77,6052.32,2766.45,556.05,8262.72,204016.842,141432.744,62584.098,20105.86,183910.982,1.783135,1.801168,1.743682,2.786987,1.715579,1779.56826527614,1797.5655362165,1740.19461208964,2781.41285025558,1712.14789020863
46,"Comércio por atacado, exceto veículos automotores e motocicletas",11805,93810,78287,54837,23450,6628,71659,80600.83,56654.12,23946.71,6818.59,73782.24,1970789.789,1433979.474,536810.315,324896.47,1645893.319,1.884633,1.950911,1.72783,3.672624,1.719396,1880.86418636708,1947.0095623163,1724.37471175983,3665.27920784886,1715.95736839401
46.1,"Representantes comerciais e agentes do comércio, exceto de veículos automotores e motocicletas",4028,8952,3789,2206,1583,309,3480,3615.25,2131.71,1483.54,303.55,3311.7,74284.474,46263.755,28020.719,9286.283,64998.191,1.583747,1.67278,1.455815,2.357967,1.512782,1580.5795747714,1669.43457816278,1452.90313916505,2353.25139693119,1509.75657401149
46.2,Comércio atacadista de matérias-primas agrícolas e animais vivos,574,2859,2126,1632,494,199,1927,2209.85,1699,510.85,220.67,1989.18,52959.453,40496.291,12463.162,9671.788,43287.665,1.84717,1.837164,1.880446,3.378233,1.677321,1843.47538381477,1833.48988092543,1876.68546389502,3371.47637788414,1673.96635026261
46.3,"Comércio atacadista especializado em produtos alimentícios, bebidas e fumo",2356,27749,24596,18911,5685,1312,23284,25883.49,19959.96,5923.53,1374.26,24509.23,590142.129,462233.963,127908.166,54598.451,535543.678,1.757357,1.784959,1.664347,3.062228,1.684191,1753.84186539819,1781.38927594583,1661.01795589922,3056.10353656065,1680.82259371108
46.4,Comércio atacadista de produtos de consumo não-alimentar,1813,,,,,,,,,,,,,,,,,,,,,,,,,,
46.5,Comércio atacadista de equipamentos e produtos de tecnologias de informação e comunicação,120,,,,,,,,,,,,,,,,,,,,,,,,,,
46.6,"Comércio atacadista de máquinas, aparelhos e equipamentos, exceto de tecnologias de informação e comunicação",540,5669,4872,3558,1314,753,4119,5133.81,3823.07,1310.74,766.71,4367.1,180997.155,141896.296,39100.859,51287.801,129709.354,2.717428,2.860783,2.299301,5.155954,2.289308,2711.99325197525,2855.06142767663,2294.70252270884,5145.64237004664,2284.72959524275
46.7,"Comércio atacadista de madeira, ferragens, ferramentas, material elétrico e material de construção",869,7299,6171,4941,1230,309,5862,6029.13,4838,1191.13,302.81,5726.32,135289.353,109181.902,26107.451,11667.706,123621.647,1.729558,1.739446,1.689396,2.969897,1.663968,1726.09867554561,1735.96689668331,1686.017027141,2963.95708911148,1660.64024740819
46.8,Comércio atacadista especializado em outros produtos,915,7059,5853,4632,1221,753,5100,6027.13,4787.63,1239.5,770.06,5257.07,200211.994,160896.742,39315.252,55009.494,145202.5,2.560387,2.590316,2.444785,5.506038,2.128906,2555.26637311367,2585.13553919966,2439.89524311912,5495.02576222832,2124.6479649164
46.9,Comércio atacadista não-especializado,590,14329,13516,9614,3902,937,12579,13797.55,9818.13,3979.42,958.81,12838.74,346067.975,253338.961,92729.014,55738.727,290329.248,1.933239,1.988838,1.796065,4.480749,1.742988,1929.37249450362,1984.85988519355,1792.47254045139,4471.78730365285,1739.50240264411
47,Comércio varejista,60761,399468,322748,173219,149529,17261,305487,327311.8,175616.28,151695.52,18057.97,309253.83,6175543.334,3315400.765,2860142.569,613936.776,5561606.558,1.454252,1.455115,1.453252,2.62048,1.386153,1451.34332133176,1452.20493269145,1450.34584308194,2615.23891368486,1383.3810532821
47.1,Comércio varejista não-especializado,11448,103809,90917,53011,37906,2739,88178,93381.45,54339.36,39042.09,2736.45,90645,1624269.085,961182.422,663086.663,87016.903,1537252.182,1.340675,1.363382,1.309071,2.450994,1.307156,1337.99352836383,1360.65477003438,1306.45327605708,2446.09180620034,1304.54153947988
47.2,"Comércio varejista de produtos alimentícios, bebidas e fumo",6048,33527,26347,15014,11333,633,25714,26068.39,14910.73,11157.66,629.93,25438.46,439713.027,259380.603,180332.424,14767.836,424945.191,1.300113,1.340802,1.245738,1.806969,1.287562,1297.51315673887,1338.12053983427,1243.24678499586,1803.35495152697,1284.98704777666
47.3,Comércio varejista de combustíveis para veículos automotores,2883,,,,,,,,,,,,,,,,,,,,,,,,,,
47.4,Comércio varejista de material de construção,8532,50106,39251,29799,9452,1696,37555,39319.54,29845.17,9474.37,1673.19,37646.35,765355.259,579631.999,185723.26,48912.954,716442.305,1.500309,1.49694,1.510922,2.253226,1.466846,1497.3085000877,1493.94615095688,1507.90022084683,2248.71946585679,1463.91208014752
47.5,Comércio varejista de equipamentos de informática e comunicação; equipamentos e artigos de uso doméstico,7490,46637,36984,19183,17801,1777,35207,37168.54,19320.63,17847.91,1784.47,35384.07,672654.761,360711.048,311943.713,46760.068,625894.693,1.3948990000000001,1.439012,1.347147,2.019724,1.363388,1392.10940012917,1436.13348489711,1344.45266873092,2015.6843811845,1360.66160889306
47.6,"Comércio varejista de artigos culturais, recreativos e esportivos",2622,,,,,,,,,,,,,,,,,,,,,,,,,,
47.7,"Comércio varejista de produtos farmacêuticos, perfumaria e cosméticos e artigos médicos, ópticos e ortopédicos",7333,,,,,,,,,,,,,,,,,,,,,,,,,,
47.8,Comércio varejista de produtos novos não especificados anteriormente e de produtos usados,14405,75628,57499,19041,38458,2535,54964,55781.78,18365.35,37416.43,2641.42,53140.36,1094426.353,338659.553,755766.8,107171.962,987254.391,1.512238,1.421315,1.556867,3.127302,1.431959,1509.21398597287,1418.47200549697,1553.75346317935,3121.04742029782,1429.09542693234
47.9,Comércio ambulante e outros tipos de comércio varejista,,,,,,,,,,,,,,,,,,,,,,,,,,,
H,"Transporte, armazenagem e correio",6546,92615,83243,69872,13371,4213,79030,85816.31,71896.66,13919.65,4393.23,81423.08,2197161.155,1880097.68,317063.475,228832.133,1968329.022,1.973414,2.01557,1.755675,4.014756,1.863272,1969.46706912079,2011.53848400661,1752.16317054833,4006.72666107415,1859.54553388586
49,Transporte terrestre,4684,64427,57800,49168,8632,2171,55629,59629.17,50613.5,9015.67,2209.23,57419.94,1384643.236,1204227.258,180415.978,82468.92,1302174.316,1.789803,1.833868,1.542422,2.877236,1.747964,1786.22338955659,1830.20075671511,1539.33674966432,2871.48150121222,1744.4681251308
49.1,Transporte ferroviário e metroferroviário,5,,,,,,,,,,,,,,,,,,,,,,,,,,
49.2,Transporte rodoviário de passageiros,1321,,,,,,,,,,,,,,,,,,,,,,,,,,
49.3,Transporte rodoviário de carga,3356,32737,28369,24804,3565,1497,26872,28810.17,25178.52,3631.65,1528.32,27281.85,712060.781,630730.746,81330.035,62528.713,649532.068,1.90501,1.930812,1.726128,3.153489,1.835071,1901.20038273878,1926.9500229683,1722.67606692868,3147.1818729062,1831.40092151996
49.4,Transporte dutoviário,1,,,,,,,,,,,,,,,,,,,,,,,,,,
49.5,"Trens turísticos, teleféricos e similares",1,,,,,,,,,,,,,,,,,,,,,,,,,,
50,Transporte aquaviário,574,11747,10913,9281,1632,669,10244,11263.53,9537.15,1726.38,715.16,10548.37,351481.088,305480.653,46000.435,40406.406,311074.682,2.405213,2.46883,2.053769,4.354849,2.273031,2400.402606397,2463.89243843609,2049.66171989944,4346.13943302628,2268.48524391045
50.1,Transporte marítimo de cabotagem e longo curso,21,,,,,,,,,,,,,,,,,,,,,,,,,,
50.2,Transporte por navegação interior,440,9862,9228,7835,1393,621,8607,9630.1,8145.66,1484.44,667.68,8962.42,309070.621,268522.368,40548.253,38558.577,270512.044,2.473734,2.540857,2.105405,4.451217,2.326416,2468.78673677803,2535.77570991556,2101.19397524682,4442.31425924902,2321.76340421792
50.3,Navegação de apoio,26,,,,,,,,,,,,,,,,,,,,,,,,,,
50.9,Outros transportes aquaviários,87,1354,1232,1038,194,35,1197,1207.12,1006.76,200.36,34.63,1172.49,31747.595,27196.642,4550.953,1488.066,30259.529,2.027153,2.082166,1.750723,3.312042,1.989203,2023.09852567076,2078.00209048371,1747.2215396901,3305.41771252138,1985.22467306593
51,Transporte aéreo,49,,,,,,,,,,,,,,,,,,,,,,,,,,
51.1,Transporte aéreo de passageiros,47,,,,,,,,,,,,,,,,,,,,,,,,,,
51.2,Transporte aéreo de carga,2,,,,,,,,,,,,,,,,,,,,,,,,,,
51.3,Transporte espacial,,,,,,,,,,,,,,,,,,,,,,,,,,,
52,Armazenamento e atividades auxiliares dos transportes,968,13165,11665,9194,2471,1128,10537,12114.29,9570.91,2543.38,1188.43,10925.86,385239.629,310538.62,74701.009,90830.251,294409.378,2.451089,2.500855,2.263817,5.890919,2.076931,2446.18690945855,2495.85317946216,2259.28939503278,5879.13666317359,2072.77735855752
52.1,"Armazenamento, carga e descarga",274,3639,3255,2707,548,207,3048,3111.04,2625.58,485.46,191.9,2919.14,73135.139,62145.311,10989.828,8990.265,64144.874,1.811952,1.824354,1.744872,3.610968,1.693687,1808.32773705157,1820.70572538698,1741.38216251676,3603.74594139576,1690.29956662684
52.2,Atividades auxiliares dos transportes terrestres,317,2030,1582,1167,415,47,1535,1563.8,1146.15,417.65,41.74,1522.06,28096.199,20724.321,7371.878,833.181,27263.018,1.384817,1.393686,1.360479,1.538555,1.380601,1382.04762560627,1390.89869429092,1357.7577839376,1535.47786664701,1377.84005280293
52.3,Atividades auxiliares dos transportes aquaviários,113,3164,2855,2369,486,587,2268,3030.4,2514.8,515.6,626.64,2403.76,181843.953,151455.072,30388.881,67536.933,114307.02,4.625141,4.642014,4.542845,8.307098,3.665286,4615.89109840793,4632.73029817328,4533.75917527004,8290.48367851987,3657.95574113376
52.4,Atividades auxiliares dos transportes aéreos,64,,,,,,,,,,,,,,,,,,,,,,,,,,
52.5,Atividades relacionadas à organização do transporte de carga,200,,,,,,,,,,,,,,,,,,,,,,,,,,
53,Correio e outras atividades de entrega,271,,,,,,,,,,,,,,,,,,,,,,,,,,
53.1,Atividades de correio,11,,,,,,,,,,,,,,,,,,,,,,,,,,
53.2,Atividades de malote e de entrega,260,2298,1980,1578,402,63,1917,1888.61,1494.86,393.75,64.82,1823.79,35138.863,28082.222,7056.641,1682.693,33456.17,1.434074,1.447962,1.381349,2.000884,1.413929,1431.2057341317,1445.06570720798,1378.58676434676,1996.88249115895,1411.10080571861
I,Alojamento e alimentação,9033,74661,63495,27150,36345,2075,61420,63905.08,27472.31,36432.77,2067.18,61837.9,1087054.898,487162.478,599892.42,58496.653,1028558.245,1.311119,1.366799,1.269133,2.181116,1.282036,1308.49703244971,1364.06573634437,1266.59517706808,2176.75409904389,1279.47205516358
55,Alojamento,1933,,,,,,,,,,,,,,,,,,,,,,,,,,
55.1,Hotéis e similares,1822,,,,,,,,,,,,,,,,,,,,,,,,,,
55.9,Outros tipos de alojamento não especificados anteriormente,111,653,530,209,321,17,513,483.96,188.53,295.43,12.98,470.98,7154.092,3138.977,4015.115,252.177,6901.915,1.139387,1.283316,1.047537,1.497466,1.129518,1137.1079618786,1280.74985005447,1045.44223673967,1494.47078345383,1127.25920094598
56,Alimentação,7100,,,,,,,,,,,,,,,,,,,,,,,,,,
56.1,Restaurantes e outros serviços de alimentação e bebidas,6321,48542,40942,18305,22637,950,39992,40745.73,18336.87,22408.86,904.19,39841.54,678771.706,317766.904,361004.802,21201.863,657569.843,1.284008,1.335702,1.241708,1.807342,1.272131,1281.4399976107,1333.03055537832,1239.22413517895,1803.72768827518,1269.58685872546
56.2,"Serviços de catering, bufê e outros serviços de comida preparada",779,,,,,,,,,,,,,,,,,,,,,,,,,,
J,Informação e comunicação,2990,23494,19513,13358,6155,4095,15418,19481.91,13227.46,6254.45,4254.93,15226.98,584719.955,411668.653,173051.302,224363.918,360356.037,2.313356,2.398819,2.132612,4.064309,1.824081,2308.72938417861,2394.02118483356,2128.34679554311,4056.18022460462,1820.43288648479
58,Edição e edição integrada à impressão,229,1736,1463,990,473,309,1154,1454.88,996.61,458.27,316.43,1138.45,39193.299,29841.518,9351.781,11918.44,27274.859,2.076399,2.307925,1.572892,2.903139,1.846608,2072.24592670609,2303.30960417353,1569.7465887594,2897.33298651543,1842.91455656645
58.1,"Edição de livros, jornais, revistas e outras atividades de edição",110,549,407,283,124,91,316,453.77,317.65,136.12,103.89,349.88,13054.168,11858.624,1195.544,4054.362,8999.806,2.217377,2.877475,0.67697,3.00798,1.982623,2212.94217165253,2871.7199627069,675.616537444336,3001.9636153624,1978.65773759795
58.2,"Edição integrada à impressão de livros, jornais, revistas e outras publicações",119,1187,1056,707,349,218,838,1001.11,678.96,322.15,212.54,788.57,26139.131,17982.894,8156.237,7864.078,18275.053,2.012498,2.041463,1.951452,2.851893,1.786259,2008.47297960802,2037.38002012127,1947.54880072589,2846.18931459056,1782.68677186846
59,"Atividades cinematográficas, produção de vídeos e de programas de televisão; gravação de som e edição de música",263,953,611,352,259,81,530,629.93,350.85,279.08,82.37,547.56,13888.271,8220.723,5667.548,2856.207,11032.064,1.699347,1.805987,1.565282,2.672678,1.552927,1695.94802352887,1802.37511099418,1562.1514647027,2667.33314033302,1549.8215861135
59.1,"Atividades cinematográficas, produção de vídeos e de programas de televisão",234,,,,,,,,,,,,,,,,,,,,,,,,,,
59.2,Atividades de gravação de som e de edição de música,29,,,,,,,,,,,,,,,,,,,,,,,,,,
60,Atividades de rádio e de televisão,358,5383,4911,3328,1583,1154,3757,5570.95,3735.07,1835.88,1361.1,4209.85,171591.21,114486.177,57105.033,64019.382,107571.828,2.374061,2.362547,2.397487,3.62533,1.969509,2369.31292618922,2357.82167402485,2392.69170433462,3618.07938149574,1965.57026972457
60.1,Atividades de rádio,238,2673,2345,1616,729,453,1892,2420.25,1661.23,759.02,466.6,1953.65,63998.406,44272.038,19726.368,17957.208,46041.198,2.038145,2.05412,2.00318,2.966335,1.816461,2034.06850849801,2050.01196981477,1999.17383346542,2960.40225526724,1812.82758702153
60.2,Atividades de televisão,120,2710,2566,1712,854,701,1865,3150.7,2073.84,1076.86,894.5,2256.2,107592.804,70214.139,37378.665,46062.174,61530.63,2.632099,2.609609,2.675412,3.969083,2.102035,2626.83515995225,2604.38973854522,2670.06103214617,3961.14494560777,2097.83059330529
61,Telecomunicações,906,8056,6832,4815,2017,567,6265,6261.74,4376.55,1885.19,552.99,5708.75,134342.439,97590.096,36752.343,15728.537,118613.902,1.653653,1.7187,1.502644,2.192286,1.601477,1650.34539428829,1715.2621269124,1499.63839596662,2187.90115831835,1598.27393171751
61.1,Telecomunicações por fio,457,3835,3246,2357,889,259,2987,2716.03,1977.09,738.94,201.07,2514.96,55805.36,41990.323,13815.037,5449.398,50355.962,1.58368,1.637001,1.441017,2.088947,1.543284,1580.51273365905,1633.72676314879,1438.13456281451,2084.76879464098,1540.1976725123
61.2,Telecomunicações sem fio,31,,,,,,,,,,,,,,,,,,,,,,,,,,
61.3,Telecomunicações por satélite,18,223,192,120,72,52,140,237.85,136.68,101.17,85.37,152.48,4181.857,2298.061,1883.796,1468.741,2713.116,1.355165,1.295933,1.435186,1.326069,1.371455,1352.45452046377,1293.34155016771,1432.31575185712,1323.41662086303,1368.71216401647
61.4,Operadoras de televisão por assinatura,9,,,,,,,,,,,,,,,,,,,,,,,,,,
61.9,Outras atividades de telecomunicações,391,3628,3075,2173,902,233,2842,2979.83,2094.81,885.02,238.55,2741.28,67368.974,49267.246,18101.728,8076.023,59292.951,1.742587,1.812758,1.576497,2.609421,1.667154,1739.10215322041,1809.13216656697,1573.34367063413,2604.20263450655,1663.81990558032
62,Atividades dos serviços de tecnologia da informação,895,4956,3701,2629,1072,1221,2480,3533.09,2486.22,1046.87,1145.58,2387.51,107418.366,80646.238,26772.128,55635.378,51782.988,2.343419,2.500176,1.971134,3.743275,1.671737,2338.73216667824,2495.17611845724,1967.19216477544,3735.78838801172,1668.3937530024
62.0,Atividades dos serviços de tecnologia da informação,895,4956,3701,2629,1072,1221,2480,3533.09,2486.22,1046.87,1145.58,2387.51,107418.366,80646.238,26772.128,55635.378,51782.988,2.343419,2.500176,1.971134,3.743275,1.671737,2338.73216667824,2495.17611845724,1967.19216477544,3735.78838801172,1668.3937530024
63,Atividades de prestação de serviços de informação,339,2410,1995,1244,751,763,1232,2031.32,1282.16,749.16,796.46,1234.86,118286.37,80883.901,37402.469,74205.974,44080.396,4.488306,4.862347,3.848148,7.181266,2.751401,4479.32946973472,4852.62255760711,3840.45197287629,7166.90335503835,2745.89807128557
63.1,"Tratamento de dados, hospedagem na internet e outras atividades relacionadas",224,1912,1638,1006,632,722,916,1687.72,1041.32,646.4,757.32,930.4,111967.377,76372.492,35594.885,73189.796,38777.581,5.113488,5.652998,4.244361,7.448987,3.212455,5103.26070310606,5641.69234905992,4235.87264375476,7434.08903461193,3206.03057411204
63.9,Outras atividades de prestação de serviços de informação,115,498,357,238,119,41,316,343.6,240.84,102.76,39.14,304.46,6318.993,4511.409,1807.584,1016.178,5302.815,1.417493,1.443809,1.355815,2.001129,1.342463,1414.65769678517,1440.92119888084,1353.10357217714,1997.12668527181,1339.77811914158
K,"Atividades financeiras, de seguros e serviços relacionados",1867,22530,19366,8480,10886,8341,11025,19141.04,8410.48,10730.56,8234.55,10906.49,738078.036,353888.593,384189.443,427360.359,310717.677,2.972096,3.243186,2.759619,4.000189,2.195872,2966.1519718083,3236.69986273536,2754.09988639205,3992.18825184506,2191.48046431352
64,Atividades de serviços financeiros,900,12673,11025,5561,5464,6066,4959,10906.71,5527.08,5379.63,6000.72,4905.99,501868.458,270118.12,231750.338,320330.321,181538.137,3.546682,3.7669,3.320428,4.114535,2.852117,3539.58856520436,3759.36605279405,3313.787207842,4106.30623043184,2846.41266633709
64.1,Banco central,,,,,,,,,,,,,,,,,,,,,,,,,,,
64.2,Intermediação monetária - depósitos à vista,44,9493,9158,4708,4450,5289,3869,9044.72,4662.88,4381.84,5230.36,3814.36,433004.293,234421.988,198582.305,277581.585,155422.708,3.689973,3.874987,3.493093,4.090583,3.140645,3682.59299773366,3867.23668963915,3486.10673212096,4082.40152023658,3134.36406712448
64.3,Intermediação não-monetária - outros instrumentos de captação,13,,,,,,,,,,,,,,,,,,,,,,,,,,
64.4,Arrendamento mercantil,1,,,,,,,,,,,,,,,,,,,,,,,,,,
64.5,Sociedades de capitalização,1,,,,,,,,,,,,,,,,,,,,,,,,,,
64.6,Atividades de sociedades de participação,682,1725,648,349,299,252,396,633.02,354.56,278.46,234.11,398.91,24408.945,13906.302,10502.643,13466.76,10942.185,2.972061,3.023069,2.907113,4.43373,2.114245,2966.11663746193,3017.02261524577,2901.29862595926,4424.86273710912,2110.01614013572
64.7,Fundos de investimento,,,,,,,,,,,,,,,,,,,,,,,,,,,
64.9,Atividades de serviços financeiros não especificadas anteriormente,159,1162,939,351,588,328,611,941.18,351.41,589.77,333.85,607.33,19912.151,7481.529,12430.622,9604.65,10307.501,1.630691,1.640976,1.624562,2.217462,1.308142,1627.4293154093,1637.69451856587,1621.31287164097,2213.02749968318,1305.52531952595
65,"Seguros, resseguros, previdência complementar e planos de saúde",58,6396,6182,2069,4113,1817,4365,6116.52,2054.25,4062.27,1797.19,4319.33,176604.012,58940.988,117663.024,84643.105,91960.907,2.225473,2.211517,2.23253,3.630143,1.641017,2221.02175746993,2207.09366135872,2228.06505873658,3622.88243141965,1637.7345382448
65.1,Seguros de vida e não-vida,16,,,,,,,,,,,,,,,,,,,,,,,,,,
65.2,Seguros-saúde,,,,,,,,,,,,,,,,,,,,,,,,,,,
65.3,Resseguros,,,,,,,,,,,,,,,,,,,,,,,,,,,
65.4,Previdência complementar,2,,,,,,,,,,,,,,,,,,,,,,,,,,
65.5,Planos de saúde,40,6337,6138,2055,4083,1792,4346,6072.59,2039.03,4033.56,1769.25,4303.34,174455.25,58107.172,116348.078,82819.334,91635.916,2.214299,2.196505,2.223293,3.608018,1.641293,2209.87002504444,2192.11216192918,2218.84691286262,3600.80146954924,1638.01061858571
66,"Atividades auxiliares dos serviços financeiros, seguros, previdência complementar e planos de saúde",909,3461,2159,850,1309,458,1701,2117.81,829.15,1288.66,436.64,1681.17,59605.566,24829.485,34776.081,22386.933,37218.633,2.169332,2.308132,2.080024,3.95182,1.706377,2164.99286454476,2303.51611242282,2075.86419524634,3943.91665727091,1702.96386994222
66.1,Atividades auxiliares dos serviços financeiros,225,,,,,,,,,,,,,,,,,,,,,,,,,,
66.2,"Atividades auxiliares dos seguros, da previdência complementar e dos planos de saúde",675,2204,1191,428,763,204,987,1186.19,421.96,764.23,198.9,987.29,25388.753,8955.952,16432.801,5729.457,19659.296,1.649731,1.635937,1.657348,2.220265,1.534791,1646.43185324442,1632.6651450739,1654.03296832709,2215.82434157095,1531.72172154234
66.3,Atividades de administração de fundos por contrato ou comissão,9,,,,,,,,,,,,,,,,,,,,,,,,,,
L,Atividades imobiliárias,2234,8818,5353,3402,1951,547,4806,5387.29,3418.54,1968.75,586.71,4800.58,124687.587,82392.904,42294.683,21629.949,103057.638,1.783935,1.857699,1.655851,2.841568,1.654675,1780.36690917954,1853.98318940474,1652.53950671551,2835.88524274212,1651.36517158023
68,Atividades imobiliárias,2234,8818,5353,3402,1951,547,4806,5387.29,3418.54,1968.75,586.71,4800.58,124687.587,82392.904,42294.683,21629.949,103057.638,1.783935,1.857699,1.655851,2.841568,1.654675,1780.36690917954,1853.98318940474,1652.53950671551,2835.88524274212,1651.36517158023
68.1,Atividades imobiliárias de imóveis próprios,1192,3961,1956,1317,639,186,1770,1870.64,1247.53,623.11,189,1681.64,37537.878,24233.406,13304.472,6522.347,31015.531,1.546698,1.497234,1.645732,2.659918,1.421583,1543.60490362821,1494.23913961681,1642.44021613667,2654.59788359788,1418.74008522816
68.2,Atividades imobiliárias por contrato ou comissão,1042,4857,3397,2085,1312,361,3036,3516.65,2171.01,1345.64,397.71,3118.94,87149.709,58159.498,28990.211,15107.602,72042.107,1.91013,2.064833,1.660537,2.927893,1.78035,1906.30963252833,2060.70333092042,1657.21606876225,2922.0367372438,1776.78972293841
M,"Atividades profissionais, científicas e técnicas",11233,49160,34330,17665,16665,9835,24495,35001.09,18103.79,16897.3,10594.6,24406.49,1074666.497,607340.563,467325.934,549845.766,524820.731,2.366564,2.585764,2.131713,4.000207,1.657417,2361.8308348507,2580.59250831753,2127.44928297602,3992.20623278332,1654.10206307988
69,"Atividades jurídicas, de contabilidade e de auditoria",5470,20895,13708,4807,8901,4377,9331,14032.21,4907.24,9124.97,4500.93,9531.28,307201.646,107808.836,199392.81,124129.797,183071.849,1.687421,1.693336,1.684241,2.12569,1.480459,1684.04662174767,1689.94941853575,1680.87220687174,2121.43844118369,1477.49829226263
69.1,Atividades jurídicas,2112,5815,2997,889,2108,674,2323,3043.61,900.31,2143.3,708.87,2334.74,69127.506,22180.046,46947.46,23978.505,45149.001,1.750604,1.898875,1.688322,2.607244,1.490513,1747.10309847138,1895.07767837232,1684.94521388657,2602.0291232742,1487.53183520352
69.2,"Atividades de contabilidade, consultoria e auditoria contábil e tributária",3358,15080,10711,3918,6793,3703,7008,10988.6,4006.93,6981.67,3792.06,7196.54,238074.14,85628.79,152445.35,100151.292,137922.848,1.669921,1.647154,1.682988,2.03567,1.477198,1666.581310141,1643.85951339305,1679.62183612451,2031.59906184542,1474.24315659384
70,Atividades de sedes de empresas e de consultoria em gestão empresarial,1014,5534,4173,1844,2329,1210,2963,3659.7,1623.61,2036.09,1142.39,2517.31,142731.359,63547.359,79184,93074.265,49657.094,3.006076,3.016768,2.997551,6.279735,1.520445,3000.06429698945,3010.73434175411,2991.55583646937,6267.17569845136,1517.40407877395
70.1,Sedes de empresas e unidades administrativas locais,,,,,,,,,,,,,,,,,,,,,,,,,,,
70.2,Atividades de consultoria em gestão empresarial,1014,5534,4173,1844,2329,1210,2963,3659.7,1623.61,2036.09,1142.39,2517.31,142731.359,63547.359,79184,93074.265,49657.094,3.006076,3.016768,2.997551,6.279735,1.520445,3000.06429698945,3010.73434175411,2991.55583646937,6267.17569845136,1517.40407877395
71,Serviços de arquitetura e engenharia; testes e análises técnicas,2146,9368,6445,5279,1166,825,5620,6183.88,5062.13,1121.75,758.85,5425.03,169944.504,140533.763,29410.741,50569.837,119374.667,2.118225,2.139802,2.020859,5.136434,1.69604,2113.98897679873,2135.52189721292,2016.81719840222,5126.16124601497,1692.6480945373
71.1,Serviços de arquitetura e engenharia e atividades técnicas relacionadas,2044,8713,5915,4921,994,710,5205,5706.62,4756.34,950.28,658.38,5048.24,158071.697,132620.673,25451.024,46587.352,111484.345,2.135017,2.149139,2.064333,5.45403,1.702159,2130.74662544419,2144.84040896345,2060.20444176777,5443.12169497625,1698.75418881706
71.2,Testes e análises técnicas,102,655,530,358,172,115,415,477.26,305.79,171.47,100.47,376.79,11872.807,7913.09,3959.717,3982.485,7890.322,1.917452,1.994568,1.779927,3.05523,1.614067,1913.61699315645,1990.57925625178,1776.36680109999,3049.1191400418,1610.83852053888
72,Pesquisa e desenvolvimento científico,67,1935,1867,1253,614,1415,452,3162.26,2120.55,1041.71,2228.58,933.68,183082.155,132884.192,50197.963,154964.029,28118.126,4.462462,4.830042,3.714201,5.359556,2.32121,4453.53724624404,4820.381940099,3706.77229673399,5348.83644431742,2316.56752766555
72.1,Pesquisa e desenvolvimento experimental em ciências físicas e naturais,49,1526,1479,1073,406,1188,291,2335.09,1711.53,623.56,1869.04,466.05,150936.721,116476.076,34460.645,136150.619,14786.102,4.982157,5.245396,4.259624,5.614707,2.445385,4972.19250649868,5234.9057006574,4251.10469907282,5603.47800927831,2440.49449959975
72.2,Pesquisa e desenvolvimento experimental em ciências sociais e humanas,18,409,388,180,208,227,161,827.17,409.02,418.15,359.54,467.63,32145.434,16408.116,15737.318,18813.41,13332.024,2.995371,3.092006,2.900846,4.033169,2.197454,2989.38028737465,3085.82164498257,2895.0446564078,4025.10258835007,2193.05927269916
73,Publicidade e pesquisa de mercado,1109,3877,2482,1338,1144,479,2003,2440.99,1298.13,1142.86,477.86,1963.13,52018.585,28587.762,23430.823,15404.792,36613.793,1.64255,1.697415,1.580231,2.484742,1.437546,1639.26505859697,1694.02033339081,1577.07068232329,2479.77231825221,1434.67096696837
73.1,Publicidade,1081,3793,2442,1320,1122,461,1981,2396.44,1280.02,1116.42,458.52,1937.92,50851.48,28161.192,22690.288,14855.564,35995.916,1.635547,1.695744,1.566529,2.497221,1.431672,1632.27633810665,1692.35288390927,1563.39618533417,2492.22649460807,1428.80852428615
73.2,Pesquisas de mercado e de opinião pública,28,84,40,18,22,18,22,44.55,18.11,26.44,19.34,25.21,1167.105,426.57,740.535,549.228,617.877,2.019242,1.815507,2.158789,2.188882,1.889101,2015.20331520332,1811.87614152827,2154.4716629815,2184.5040171824,1885.32328441095
74,"Outras atividades profissionais, científicas e técnicas",1173,6450,4882,2819,2063,1382,3500,4818.66,2799.06,2019.6,1365.44,3453.22,206652.377,128505.586,78146.791,108154.09,98498.287,3.305523,3.538636,2.982441,6.105151,2.198521,3298.9122893725,3531.5588365105,2976.47633956458,6092.94101873051,2194.1235448921
74.1,Design e decoração de interiores,43,132,86,41,45,7,79,82.7,40.87,41.83,7.12,75.58,1435.332,720.006,715.326,151.703,1283.629,1.337744,1.357868,1.318081,1.642254,1.309058,1335.06836573342,1355.15235926295,1315.44530057559,1638.96931719965,1306.4394324913
74.2,Atividades fotográficas e similares,135,545,377,211,166,25,352,387.52,213.9,173.62,28.05,359.47,6522.835,3547.232,2975.603,686.987,5835.848,1.297384,1.278218,1.320996,1.887738,1.251317,1294.78875531982,1275.66152407667,1318.35352183814,1883.9627039627,1248.81460098307
74.9,"Atividades profissionais, científicas e técnicas não especificadas anteriormente",995,5773,4419,2567,1852,1350,3069,4348.44,2544.29,1804.15,1330.27,3018.17,198694.21,124238.348,74455.862,107315.4,91378.81,3.521907,3.763701,3.180917,6.217966,2.333608,3514.86280137245,3756.1740210432,3174.55533076518,6205.53028274769,2328.9407921917
75,Atividades veterinárias,254,1101,773,325,448,147,626,703.39,293.07,410.32,120.55,582.84,13035.871,5473.065,7562.806,3548.956,9486.915,1.428466,1.439413,1.420648,2.269131,1.25459,1425.60927464466,1436.53393387245,1417.80636501342,2264.59241297897,1252.08066074342
75.0,Atividades veterinárias,254,1101,773,325,448,147,626,703.39,293.07,410.32,120.55,582.84,13035.871,5473.065,7562.806,3548.956,9486.915,1.428466,1.439413,1.420648,2.269131,1.25459,1425.60927464466,1436.53393387245,1417.80636501342,2264.59241297897,1252.08066074342
N,Atividades administrativas e serviços complementares,11079,176183,163065,104249,58816,7525,155540,160907.24,101289.98,59617.26,7250.4,153656.84,3152901.107,2119895.07,1033006.037,222270.451,2930630.656,1.510292,1.613147,1.33554,2.362903,1.470061,1507.27123518255,1609.92085829676,1332.86908600217,2358.17706609291,1467.12067867994
77,Aluguéis não-imobiliários e gestão de ativos intangíveis não-financeiros,1784,12191,9847,7554,2293,591,9256,9517.06,7300.1,2216.96,583.52,8933.54,203064.701,160559.41,42505.291,18998.567,184066.134,1.64459,1.695247,1.477785,2.509523,1.588095,1641.3011597473,1691.8568028046,1474.82939215447,2504.50409715045,1584.91856359465
77.1,Locação de meios de transporte sem condutor,694,4871,3946,3077,869,254,3692,3850.29,3052.54,797.75,231.01,3619.28,85331.101,69404.105,15926.996,7733.974,77597.127,1.708205,1.752467,1.538839,2.580465,1.652531,1704.78869024251,1748.9622765606,1535.76125159704,2575.30443237555,1649.22574910777
77.2,Aluguel de objetos pessoais e domésticos,216,989,724,353,371,51,673,718.56,344.5,374.06,53.14,665.42,12612.162,6515.953,6096.209,1257.657,11354.505,1.352859,1.457857,1.256159,1.824176,1.31522,1350.15351215251,1454.94094004689,1253.6468851151,1820.52777858197,1312.58973511235
77.3,Aluguel de máquinas e equipamentos sem operador,833,6240,5144,4111,1033,278,4866,4911.74,3889.62,1022.12,291.53,4620.21,104197.548,84351.349,19846.199,9830.3,94367.248,1.635115,1.671518,1.496586,2.59902,1.574293,1631.84451945746,1668.17460515225,1493.59242780465,2593.82198427923,1571.14483474194
77.4,Gestão de ativos intangíveis não-financeiros,41,91,33,13,20,8,25,36.47,13.44,23.03,7.84,28.63,923.89,288.003,635.887,176.636,747.254,1.952588,1.651672,2.128198,1.736558,2.011745,1948.68279513193,1648.36881868132,2123.94201543138,1733.08477237049,2007.72186248959
78,"Seleção, agenciamento e locação de mão-de-obra",268,25181,24852,15645,9207,1180,23672,24964.7,15185.31,9779.39,1144.95,23819.75,508105.664,335082.868,173022.796,35050.073,473055.591,1.56875,1.700806,1.363696,2.359546,1.530739,1565.61268819265,1697.4039536084,1360.96891995859,2354.82725144195,1527.67731044132
78.1,Seleção e agenciamento de mão-de-obra,86,,,,,,,,,,,,,,,,,,,,,,,,,,
78.2,Locação de mão-de-obra temporária,143,15808,15627,10464,5163,706,14921,15783.68,10091.52,5692.16,674.71,15108.97,306883.754,203767.088,103116.666,22582.209,284301.545,1.498621,1.556337,1.396297,2.579737,1.450342,1495.62349308809,1553.22403211958,1393.50461525488,2574.57722577107,1447.44146128986
78.3,Fornecimento e gestão de recursos humanos para terceiros,39,,,,,,,,,,,,,,,,,,,,,,,,,,
79,"Agências de viagens, operadores turísticos e serviços de reservas",775,3230,2151,1036,1115,276,1875,2120.41,1015.5,1104.91,260.81,1859.6,43940.115,21212.393,22727.722,6549.196,37390.919,1.59723,1.610037,1.585459,1.935485,1.549789,1594.03551490223,1606.81687687005,1582.28842864334,1931.61423140335,1546.68990022668
79.1,Agências de viagens e operadores turísticos,731,3031,2004,946,1058,264,1740,1984.23,940.64,1043.59,251.24,1732.99,41310.684,19726.917,21583.767,6234.058,35076.626,1.60471,1.616449,1.594129,1.91253,1.560084,1601.50029133564,1613.21563387285,1590.94066561654,1908.70451789891,1556.96339851932
79.9,Serviços de reservas e outros serviços de turismo não especificados anteriormente,44,199,147,90,57,12,135,136.18,74.86,61.32,9.57,126.61,2629.431,1485.476,1143.955,315.138,2314.293,1.488245,1.529473,1.437914,2.538136,1.408888,1485.26893139171,1526.41443515074,1435.0381353806,2533.06004340487,1406.07012448889
80,"Atividades de vigilância, segurança e investigação",520,29467,28824,25995,2829,680,28144,27780.84,24859.17,2921.67,680.27,27100.57,665200.209,601775.693,63424.516,20295.721,644904.488,1.845581,1.865839,1.673216,2.299584,1.834185,1841.88983652596,1862.10713885769,1669.86994529735,2294.98479676056,1830.51638908191
80.1,"Atividades de vigilância, segurança privada e transporte de valores",274,25417,25082,23009,2073,534,24548,24378.88,22162.72,2216.16,538,23840.88,604228.375,553093.059,51135.316,17065.222,587163.153,1.910352,1.92354,1.778468,2.44487,1.89829,1906.53162775446,1919.69306669384,1774.91058685016,2439.98026880183,1894.49367576261
80.2,Atividades de monitoramento de sistemas de segurança,242,,,,,,,,,,,,,,,,,,,,,,,,,,
80.3,Atividades de investigação particular,4,,,,,,,,,,,,,,,,,,,,,,,,,,
81,Serviços para edifícios e atividades paisagísticas,3599,71797,68534,38571,29963,2551,65983,69407.61,38662.51,30745.1,2509.54,66898.07,1215852.038,720141.473,495710.565,80900.707,1134951.331,1.350205,1.435668,1.242735,2.484759,1.307645,1347.50468783112,1432.79621325871,1240.2490778393,2479.78964578859,1305.02940575807
81.1,Serviços combinados para apoio a edifícios,2694,,,,,,,,,,,,,,,,,,,,,,,,,,
81.2,Atividades de limpeza,785,47659,46680,21550,25130,1497,45183,48056.05,22059.53,25996.52,1481.86,46574.19,778896.775,376487.762,402409.013,42281.769,736615.006,1.249275,1.315469,1.193105,2.199237,1.21905,1246.77614032909,1312.83835498413,1190.71858316184,2194.83876292684,1216.61144872795
81.3,Atividades paisagísticas,120,,,,,,,,,,,,,,,,,,,,,,,,,,
82,"Serviços de escritório, de apoio administrativo e outros serviços prestados às empresas",4133,34317,28857,15448,13409,2247,26610,27116.62,14267.39,12849.23,2071.31,25045.31,516738.38,281123.233,235615.147,60476.187,456262.193,1.468795,1.518722,1.413358,2.250429,1.404152,1465.85769737697,1515.68465409042,1410.53137634886,2245.9286077967,1401.34387512995
82.1,Serviços de escritório e apoio administrativo,1913,20869,18538,10631,7907,1535,17003,16801.71,9447.22,7354.49,1387.41,15414.3,327992.517,188541.463,139451.054,40248.236,287744.281,1.504654,1.538257,1.461488,2.235981,1.438828,1501.64439306384,1535.18066283398,1458.56533272139,2231.50918174595,1435.95073805093
82.2,Atividades de teleatendimento,46,907,846,307,539,105,741,760.46,285.78,474.68,87.97,672.49,15597.776,6502.522,9095.254,2407.796,13189.98,1.580929,1.753784,1.476862,2.109654,1.511765,1577.76730278637,1750.27643641962,1473.90857646609,2105.43454499349,1508.74190865864
82.3,"Atividades de organização de eventos, exceto culturais e esportivos",471,1815,1256,640,616,85,1171,1236.81,634.25,602.56,81.78,1155.03,22728.005,11605.138,11122.867,2310.918,20417.087,1.416395,1.410314,1.422796,2.178028,1.362469,1413.56237168448,1407.49376913981,1419.95013583071,2173.67232913821,1359.74403595245
82.9,Outras atividades de serviços prestados principalmente às empresas,1703,10726,8217,3870,4347,522,7695,8317.64,3900.14,4417.5,514.15,7803.49,150420.082,74474.11,75945.972,15509.237,134910.845,1.393901,1.471808,1.325117,2.32502,1.332552,1391.11280825589,1468.86462852813,1322.46697139872,2320.36999079885,1329.88666708003
O,"Administração pública, defesa e seguridade social",1821,750254,750237,349777,400460,281795,468442,765925.36,353152.65,412772.71,285012.15,480913.21,36189178.358,18894141.134,17295037.224,21740574.58,14448603.778,3.641819,4.123735,3.22951,5.87941,2.315716,3634.53555136937,4115.48793941134,3223.05095889026,5867.65122388372,2311.08448829292
84,"Administração pública, defesa e seguridade social",1821,750254,750237,349777,400460,281795,468442,765925.36,353152.65,412772.71,285012.15,480913.21,36189178.358,18894141.134,17295037.224,21740574.58,14448603.778,3.641819,4.123735,3.22951,5.87941,2.315716,3634.53555136937,4115.48793941134,3223.05095889026,5867.65122388372,2311.08448829292
84.1,Administração do estado e da política econômica e social,1641,665949,665942,290235,375707,245295,420647,681418.38,293390.74,388027.64,248567.08,432851.3,27334435.833,12693028.506,14641407.327,16163809.258,11170626.575,3.091878,3.334609,2.908347,5.012175,1.989138,3085.69444550464,3327.9400984293,2902.5306085848,5002.15049765672,1985.15972415398
84.2,Serviços coletivos prestados pela administração pública,83,79928,79918,58081,21837,34451,45467,80247.46,58338.66,21908.8,34489.89,45757.57,8687203.748,6132213.762,2554989.986,5461559.531,3225644.217,8.34401,8.101901,8.988697,12.205371,5.433499,8327.32203802894,8085.69739042818,8970.71912796544,12180.959809471,5422.63232577187
84.3,Seguridade social obrigatória,97,4377,4377,1461,2916,2049,2328,4259.52,1423.25,2836.27,1955.18,2304.34,167538.777,68898.866,98639.911,115205.791,52332.986,3.031662,3.731273,2.680595,4.54165,1.750472,3025.59871318112,3723.81013120026,2675.23383230033,4532.56678314883,1746.9706326724
P,Educação,9431,241971,233696,84593,149103,151511,82185,240092.47,86106.03,153986.44,156321.6,83770.87,12249642.682,4831738.68,7417904.002,10214155.354,2035487.328,3.93252,4.325098,3.712999,5.036277,1.872843,3924.65538926603,4316.4480600702,3705.57303717033,5026.20404345913,1869.09779387145
85,Educação,9431,241971,233696,84593,149103,151511,82185,240092.47,86106.03,153986.44,156321.6,83770.87,12249642.682,4831738.68,7417904.002,10214155.354,2035487.328,3.93252,4.325098,3.712999,5.036277,1.872843,3924.65538926603,4316.4480600702,3705.57303717033,5026.20404345913,1869.09779387145
85.1,Educação infantil e ensino fundamental,1558,53723,51567,12842,38725,30240,21327,52834.49,12947.34,39887.15,31023.11,21811.38,1851357.808,430236.769,1421121.039,1288506.906,562850.902,2.700841,2.561257,2.746149,3.201308,1.989007,2695.43888995471,2556.13400721099,2740.65715399571,3194.90585715468,1985.02906422103
85.2,Ensino médio,154,103676,103420,35190,68230,68540,34880,106226.06,35917.82,70308.24,71498.36,34727.7,5141319.693,1764014.427,3377305.266,4253703.593,887616.1,3.730522,3.785457,3.702458,4.585611,1.970041,3723.06127357796,3777.88566960741,3695.05356369653,4576.44019656266,1966.10088023283
85.3,Educação superior,291,48580,48116,23628,24488,38672,9444,48587.75,23819.13,24768.62,39072.35,9515.4,4060272.507,2086011.001,1974261.506,3799377.633,260894.874,6.441018,6.750203,6.143685,7.494955,2.113317,6428.13578287975,6736.70216722054,6131.39810341907,7479.96519080826,2109.09015506846
85.4,Educação profissional de nível técnico e tecnológico,199,6136,5857,2838,3019,4650,1207,5971.04,2867.11,3103.93,4754.23,1216.81,485649.866,256948.894,228700.972,458174.457,27475.409,6.269016,6.907621,5.679135,7.428084,1.740394,6256.47826844235,6893.80579693892,5667.77680602928,7413.22758890504,1736.91291162959
85.5,Atividades de apoio à educação,5242,9958,7666,2090,5576,2672,4994,8561.74,2251.4,6310.34,2733.36,5828.38,193456.561,48068.637,145387.924,106113.514,87343.047,1.741596,1.645642,1.775831,2.992264,1.155065,1738.11327172712,1642.35029827594,1772.27953827186,2986.27988995229,1152.75529788328
85.9,Outras atividades de ensino,1987,19898,17070,8005,9065,6737,10333,17911.39,8303.23,9608.16,7240.19,10671.2,517586.247,246458.952,271127.295,308279.251,209306.996,2.227304,2.287829,2.174999,3.281863,1.511808,2222.84963323939,2283.25373656721,2170.64929905734,3275.29920326145,1508.78421863016
Q,Saúde humana e serviços sociais,10090,164307,148295,45730,102565,42629,105666,148606.55,45678.52,102928.03,42171.72,106434.83,5662310.705,1930115.124,3732195.581,3080472.5,2581838.205,2.936851,3.256847,2.794839,5.630178,1.869698,2930.97687768861,3250.3328512799,2789.24961227015,5618.91767935771,1865.95815341795
86,Atividades de atenção à saúde humana,9721,157979,142269,43353,98916,40483,101786,142420.21,43218.19,99202.02,39945.29,102474.92,5485253.821,1861711.901,3623541.92,2985886.658,2499367.163,2.968597,3.320259,2.815392,5.761477,1.879917,2962.65959455743,3313.6188204372,2809.7612714555,5749.95422681681,1876.15674682607
86.1,Atividades de atendimento hospitalar,777,105469,103914,33688,70226,33321,70593,104509.46,33674.43,70835.03,33250.27,71259.19,4633733.477,1623697.07,3010036.407,2716768.887,1916964.59,3.417445,3.716472,3.27529,6.297724,2.073477,3410.61026142808,3709.03901314394,3268.73952163108,6285.12857420175,2069.33049078139
86.2,Serviços móveis de atendimento a urgências e de remoção de pacientes,28,172,131,98,33,9,122,119.32,84.1,35.22,9.62,109.7,2406.426,1715.844,690.582,252.318,2154.108,1.554481,1.572562,1.511305,2.021619,1.513516,1551.37187653111,1569.41736028537,1508.28200760058,2017.57556372941,1510.48874552977
86.3,Atividades de atenção ambulatorial executadas por médicos e odontólogos,6060,23722,14457,3071,11386,2157,12300,14154.31,3032.91,11121.4,2060.55,12093.76,277420.016,65058.887,212361.129,69782.735,207637.281,1.510689,1.653382,1.471776,2.610303,1.323336,1507.66806935621,1650.07526409645,1468.8322928353,2605.08247424605,1320.68922638299
86.4,Atividades de serviços de complementação diagnóstica e terapêutica,1465,15679,12924,3342,9582,2451,10473,12848.16,3318.45,9529.71,2399.05,10449.11,310500.632,88714.069,221786.563,98277.126,212223.506,1.86272,2.060551,1.793832,3.15747,1.565454,1858.99490666368,2056.42970478571,1790.24386326067,3151.15521688874,1562.32301860379
86.5,"Atividades de profissionais da área de saúde, exceto médicos e odontólogos",1191,7009,5197,1205,3992,1504,3693,5006.33,1132.55,3873.78,1189.19,3817.14,107570.891,24652.915,82917.976,39937.845,67633.046,1.656157,1.677788,1.649832,2.588567,1.365674,1652.84428375215,1674.43210182604,1646.53280417418,2583.39031027584,1362.94241238205
86.6,Atividades de apoio à gestão de saúde,101,4370,4247,1519,2728,711,3536,4332.17,1525.12,2807.05,685.8,3646.37,105968.081,39518.534,66449.547,31727.653,74240.428,1.885366,1.997206,1.824601,3.565879,1.5693,1881.59533124366,1993.21183301591,1820.95210822202,3558.74699957377,1566.16090902628
86.9,Atividades de atenção à saúde humana não especificadas anteriormente,99,1558,1399,430,969,330,1069,1450.46,450.63,999.83,350.81,1099.65,47654.298,18354.582,29299.716,29140.094,18514.204,2.532342,3.139428,2.258725,6.402434,1.297707,2527.27771242863,3133.14897604892,2254.20752297121,6389.62883699921,1295.11166140275
87,"Atividades de atenção à saúde humana integradas com assistência social, prestadas em residências coletivas e particulares",191,1421,1237,381,856,222,1015,1212.72,379.46,833.26,219.94,992.78,25540.977,7973.139,17567.838,6333.235,19207.742,1.623316,1.619532,1.625039,2.219461,1.491246,1620.06937995707,1616.29258582034,1621.78930207397,2215.02192905758,1488.26388060257
87.1,"Atividades de assistência a idosos, deficientes físicos, imunodeprimidos e convalescentes, e de infraestrutura e apoio a pacientes prestadas em residências coletivas e particulares",114,812,699,220,479,115,584,658.38,215.19,443.19,105.19,553.19,14215.946,4669.643,9546.303,3218.692,10997.254,1.664276,1.672583,1.660242,2.358474,1.532273,1660.94703316065,1669.23791854783,1656.92141068165,2353.75693799498,1529.20807567855
87.2,"Atividades de assistência psicossocial e à saúde a portadores de distúrbios psíquicos, deficiência mental e dependência química",31,73,48,17,31,5,43,50.95,18.26,32.69,6.27,44.68,1189.584,323.617,865.967,178.42,1011.164,1.799604,1.366019,2.041797,2.193321,1.744354,1796.00513323771,1363.28671328671,2037.71325034708,2188.9338731444,1740.86495420426
87.3,Atividades de assistência social prestadas em residências coletivas e particulares,46,536,490,144,346,102,388,503.39,146.01,357.38,108.48,394.91,10135.447,2979.879,7155.568,2936.123,7199.324,1.551902,1.573049,1.543263,2.086175,1.40514,1548.79868338817,1569.90248297008,1540.1765842865,2082.00235420921,1402.33003430188
88,Serviços de assistência social sem alojamento,178,4907,4789,1996,2793,1924,2865,4973.62,2080.87,2892.75,2006.49,2967.13,151515.907,60430.084,91085.823,88252.607,63263.3,2.348074,2.238383,2.426979,3.390132,1.643393,2343.37761413835,2233.90601046678,2422.12488781636,3383.35206102352,1640.10599208922
88.0,Serviços de assistência social sem alojamento,178,4907,4789,1996,2793,1924,2865,4973.62,2080.87,2892.75,2006.49,2967.13,151515.907,60430.084,91085.823,88252.607,63263.3,2.348074,2.238383,2.426979,3.390132,1.643393,2343.37761413835,2233.90601046678,2422.12488781636,3383.35206102352,1640.10599208922
R,"Artes, cultura, esporte e recreação",1999,11525,9222,5344,3878,2525,6697,9384.54,5462.85,3921.69,2531.49,6853.05,226183.89,134102.45,92081.44,90899.033,135284.857,1.857697,1.892098,1.809777,2.767637,1.521568,1853.98120411131,1888.31344022316,1806.15696098052,2762.10188769946,1518.52495772517
90,"Atividades artísticas, criativas e de espetáculos",237,1710,1438,932,506,445,993,1417.08,922.39,494.69,447.66,969.42,51718.619,32556.4,19162.219,25161.223,26557.396,2.813058,2.720495,2.985649,4.332211,2.111541,2807.43169594681,2715.05378585898,2979.67787130091,4323.54620092859,2107.31841243694
90.0,"Atividades artísticas, criativas e de espetáculos",237,1710,1438,932,506,445,993,1417.08,922.39,494.69,447.66,969.42,51718.619,32556.4,19162.219,25161.223,26557.396,2.813058,2.720495,2.985649,4.332211,2.111541,2807.43169594681,2715.05378585898,2979.67787130091,4323.54620092859,2107.31841243694
91,Atividades ligadas ao patrimônio cultural e ambiental,14,,,,,,,,,,,,,,,,,,,,,,,,,,
91.0,Atividades ligadas ao patrimônio cultural e ambiental,14,,,,,,,,,,,,,,,,,,,,,,,,,,
92,Atividades de exploração de jogos de azar e apostas,1,,,,,,,,,,,,,,,,,,,,,,,,,,
92.0,Atividades de exploração de jogos de azar e apostas,1,,,,,,,,,,,,,,,,,,,,,,,,,,
93,Atividades esportivas e de recreação e lazer,1747,9417,7400,4190,3210,1883,5517,7569.26,4308.5,3260.76,1878.45,5690.81,136418.161,80535.177,55882.984,38205.831,98212.33,1.389136,1.44074,1.320951,1.567675,1.330203,1386.35807097493,1437.85856223387,1318.30955879092,1564.53995417662,1327.54293595896
93.1,Atividades esportivas,1502,8041,6308,3626,2682,1815,4493,6424.54,3706.02,2718.52,1808.52,4616.02,117151.792,70247.123,46904.669,36779.825,80371.967,1.405507,1.460989,1.329871,1.567518,1.342032,1402.69596075241,1458.06683346389,1327.21166720806,1564.38264862557,1339.34839970364
93.2,Atividades de recreação e lazer,245,1376,1092,564,528,68,1024,1144.72,602.48,542.24,69.93,1074.79,19266.369,10288.054,8978.315,1426.006,17840.363,1.297259,1.316184,1.276231,1.571752,1.279399,1294.6645333491,1313.55193405718,1273.67884218172,1568.60816860817,1276.84069947117
S,Outras atividades de serviços,9793,40448,31812,15949,15863,5690,26122,31714.74,15830.55,15884.19,5539.79,26174.95,722025.557,366525.243,355500.314,233151.23,488874.327,1.754759,1.784572,1.725047,3.243923,1.439586,1751.24965431022,1781.00252117194,1721.59726117605,3237.4349930232,1436.70637237276
94,Atividades de organizações associativas,7108,26524,21327,10510,10817,4993,16334,21491.28,10585.93,10905.35,4904.41,16586.87,537682.774,267527.917,270154.857,215357.091,322325.683,1.928368,1.947898,1.90941,3.384531,1.497809,1924.51140111782,1944.00213665323,1905.59155333427,3377.76207065133,1494.81386830019
94.1,"Atividades de organizações associativas patronais, empresariais e profissionais",735,5030,4537,2124,2413,1506,3031,4436.79,2042.96,2393.83,1495.39,2941.4,153240.023,70812.144,82427.879,80201.625,73038.398,2.662131,2.671616,2.654037,4.133851,1.913918,2656.80685291012,2666.27246740024,2648.728638593,4125.58313833232,1910.08985778619
94.2,Atividades de organizações sindicais,939,3780,3204,1982,1222,390,2814,3181.94,1905.01,1276.93,403.56,2778.38,62023.817,31642.455,30381.362,15044.823,46978.994,1.502424,1.280262,1.83386,2.873459,1.303281,1499.41948815938,1277.70195432045,1830.19260738948,2867.71255060729,1300.6747706328
94.3,Atividades de associações de defesa de direitos sociais,2102,6487,4589,2218,2371,1607,2982,4730.87,2376.73,2354.14,1529.81,3201.06,133618.247,66962.351,66655.896,68610.703,65007.544,2.176962,2.171586,2.18239,3.45685,1.565294,2172.6081444444,2167.24242001535,2178.02535761875,3449.93586433308,1562.16387936881
94.9,Atividades de organizações associativas não especificadas anteriormente,3332,11227,8997,4186,4811,1490,7507,9141.68,4261.23,4880.45,1475.65,7666.03,188800.687,98110.967,90689.72,51499.94,137300.747,1.591856,1.774634,1.432268,2.689983,1.380475,1588.67186001159,1771.08427884401,1429.40349920444,2684.60261319002,1377.71387837993
95,Reparação e manutenção de equipamentos de informática e comunicação e de objetos pessoais e domésticos,1003,4406,3198,2304,894,242,2956,3041.94,2175.29,866.65,220.08,2821.86,57082.211,42560.212,14521.999,6466.187,50616.024,1.446359,1.50804,1.291543,2.264612,1.382543,1443.46677044659,1505.02345045417,1288.95961017002,2260.08269720102,1379.77798604194
95.1,Reparação e manutenção de equipamentos de informática e comunicação,462,2036,1457,969,488,180,1277,1369.54,909.26,460.28,159.65,1209.89,26671.573,18762.437,7909.136,4806.625,21864.948,1.501067,1.590477,1.324442,2.320585,1.392928,1498.06465056768,1587.29558609791,1321.79342340114,2315.94353031873,1390.14214261055
95.2,Reparação e manutenção de objetos e equipamentos pessoais e domésticos,541,2370,1741,1335,406,62,1679,1672.4,1266.03,406.37,60.43,1611.97,30410.638,23797.775,6612.863,1659.562,28751.076,1.401559,1.448833,1.254279,2.116737,1.374748,1398.75618641105,1445.93578108187,1251.76998604909,2112.50397790196,1371.99900169931
96,Outras atividades de serviços pessoais,1682,9518,7287,3135,4152,455,6832,7181.52,3069.33,4112.19,415.3,6766.22,127260.572,56437.114,70823.458,11327.952,115932.62,1.365852,1.417253,1.327486,2.102401,1.320644,1363.12017083163,1414.41828071223,1324.83136909829,2098.19629924614,1318.00234786245
96.0,Outras atividades de serviços pessoais,1682,9518,7287,3135,4152,455,6832,7181.52,3069.33,4112.19,415.3,6766.22,127260.572,56437.114,70823.458,11327.952,115932.62,1.365852,1.417253,1.327486,2.102401,1.320644,1363.12017083163,1414.41828071223,1324.83136909829,2098.19629924614,1318.00234786245
U,Organismos internacionais e outras instituições extraterritoriais,10,46,40,15,25,13,27,42.51,15,27.51,14.41,28.1,1636.143,604.875,1031.268,822.018,814.125,2.966581,3.108139,2.889396,4.396868,2.233114,2960.6481732805,3101.92307692308,2883.61714621257,4388.07452089895,2228.64768683274
99,Organismos internacionais e outras instituições extraterritoriais,10,46,40,15,25,13,27,42.51,15,27.51,14.41,28.1,1636.143,604.875,1031.268,822.018,814.125,2.966581,3.108139,2.889396,4.396868,2.233114,2960.6481732805,3101.92307692308,2883.61714621257,4388.07452089895,2228.64768683274
99.0,Organismos internacionais e outras instituições extraterritoriais,10,46,40,15,25,13,27,42.51,15,27.51,14.41,28.1,1636.143,604.875,1031.268,822.018,814.125,2.966581,3.108139,2.889396,4.396868,2.233114,2960.6481732805,3101.92307692308,2883.61714621257,4388.07452089895,2228.64768683274
